age_op,age_th,edu_op,edu_th,hours_op,hours_th,gain_val,original_spd,selected_rows,selectivity,male_ratio,female_ratio,positive_rate,male_positive_rate,female_positive_rate,age_percentile,edu_percentile,hours_percentile,repair_age_op,repair_age_th,repair_edu_op,repair_edu_th,repair_hours_op,repair_hours_th,repair_gain_val,repair_spd,distance,delta_age,delta_edu,delta_hours,delta_gain
>=,31,>=,9,>=,51,0,0.2685259444628697,2291,0.07036024692116336,0.8515931907463989,0.14840680925360106,0.45220427760803145,0.4920553562275756,0.2235294117647059,0.35195479254322654,0.4531187617087927,0.8885169374404963,>=,31,>=,9,>=,51,1,0.1981884057971014,1.0,0,0,0,1
>=,48,>=,6,>=,39,0,0.3015439303904923,4888,0.15011823961180554,0.7463175122749591,0.25368248772504093,0.3782733224222586,0.45476973684210525,0.1532258064516129,0.7653941832253309,0.08123214888977612,0.23841405362243173,>=,48,>=,6,>=,41,1,0.11212121212121207,1.0512820512820513,0,0,2,1
<=,57,>=,9,>=,36,1,0.23786412828158554,1919,0.058935536377875374,0.8061490359562272,0.1938509640437728,0.6836894215737364,0.7297996121525533,0.49193548387096775,0.8966555081232149,0.4531187617087927,0.2180522711218943,<=,57,>=,9,>=,41,1,0.17274653263228312,0.1388888888888889,0,0,5,0
>=,44,>=,11,>=,55,0,0.34335463675492367,456,0.014004483891772366,0.8201754385964912,0.17982456140350878,0.5986842105263158,0.660427807486631,0.3170731707317073,0.6817972420994441,0.7194803599398053,0.9160959429992936,>=,44,>=,11,>=,55,1,0.1743589743589744,1.0,0,0,0,1
>=,36,<=,15,>=,56,1,0.2461033634126334,235,0.007217223058259881,0.902127659574468,0.09787234042553192,0.7872340425531915,0.8113207547169812,0.5652173913043478,0.4859494487270047,0.9873161143699518,0.9190749669850434,>=,36,<=,16,>=,57,1,0.18805429864253387,0.08452380952380953,0,1,1,0
>=,60,>=,7,>=,33,0,0.2975570391020468,1134,0.03482694020453917,0.7204585537918872,0.2795414462081129,0.31216931216931215,0.3953488372093023,0.09779179810725552,0.9283805779920764,0.11731826418107552,0.17060286846227082,>=,58,>=,6,>=,33,1,0.197533582911253,1.1761904761904762,-2,-1,0,1
<=,56,<=,10,>=,31,1,0.23496478237312624,987,0.030312336844691503,0.8014184397163121,0.19858156028368795,0.49442755825734547,0.5410872313527181,0.30612244897959184,0.8856607598046743,0.6770369460397407,0.16123583428027394,<=,56,<=,9,>=,31,1,0.17758082515243162,0.1,0,-1,0,0
<=,50,>=,4,>=,25,1,0.20692258943138764,1835,0.056355763029390986,0.7716621253405994,0.22833787465940056,0.6250681198910082,0.672316384180791,0.46539379474940334,0.8016031448665581,0.036792481803384416,0.12109578944135622,<=,49,>=,4,>=,25,1,0.19958480867048906,0.02,-1,0,0,0
>=,52,<=,13,>=,25,1,0.27879738855109415,490,0.015048677866158901,0.8183673469387756,0.1816326530612245,0.6326530612244898,0.683291770573566,0.4044943820224719,0.8345566782346979,0.9167101747489328,0.12109578944135622,>=,56,<=,12,>=,25,1,0.18103770063456515,0.15384615384615385,4,-1,0,0
<=,57,<=,9,>=,38,1,0.21315384615384614,604,0.018549798839101992,0.8278145695364238,0.17218543046357615,0.4552980132450331,0.492,0.27884615384615385,0.8966555081232149,0.4531187617087927,0.23724701329811737,<=,56,<=,9,>=,37,1,0.1993927125506073,0.043859649122807015,-1,0,-1,0
>=,55,>=,8,<=,41,1,0.2730191661726932,325,0.009981265931636006,0.7415384615384616,0.25846153846153846,0.5476923076923077,0.6182572614107884,0.34523809523809523,0.874420318786278,0.13061638156076288,0.7068578974847209,>=,55,>=,8,<=,39,1,0.16666666666666669,0.04878048780487805,0,0,-2,0
>=,36,<=,16,>=,24,0,0.2608892881609258,14557,0.4470685789748472,0.7074946761008449,0.29250532389915507,0.3186782991000893,0.3949898048354209,0.13410051667449507,0.4859494487270047,1.0,0.10039617947851724,>=,37,<=,16,>=,24,1,0.1979029685651078,1.0277777777777777,1,0,0,1
>=,60,>=,7,>=,28,1,0.2541454081632653,241,0.007401492583151623,0.7966804979253111,0.2033195020746888,0.6514522821576764,0.703125,0.4489795918367347,0.9283805779920764,0.11731826418107552,0.12557968121372193,>=,58,>=,6,>=,29,1,0.1993131601114495,0.21190476190476187,-2,-1,1,0
<=,58,>=,1,>=,31,1,0.22128408229625235,2156,0.06621418261109917,0.7926716141001855,0.20732838589981448,0.6586270871985158,0.7045055588063195,0.48322147651006714,0.9078959491416111,0.001566290961579804,0.16123583428027394,<=,58,>=,1,>=,31,0,0.18766050310991525,1.0,0,0,0,-1
<=,38,>=,7,>=,55,1,0.2829268292682927,138,0.004238199072510058,0.8913043478260869,0.10869565217391304,0.6521739130434783,0.6829268292682927,0.4,0.5376984736341022,0.11731826418107552,0.9160959429992936,<=,38,>=,7,>=,50,1,0.12133431085043989,0.09090909090909091,0,0,-5,0
<=,46,>=,15,>=,58,0,0.21264367816091956,109,0.0033475630355333068,0.7981651376146789,0.2018348623853211,0.6697247706422018,0.7126436781609196,0.5,0.7269739872854027,0.9873161143699518,0.9204569884217315,<=,45,>=,15,>=,58,0,0.19999999999999996,0.021739130434782608,-1,0,0,0
>=,52,<=,15,>=,52,0,0.2752525252525253,468,0.01437302294155585,0.8461538461538461,0.15384615384615385,0.3995726495726496,0.44191919191919193,0.16666666666666666,0.8345566782346979,0.9873161143699518,0.8927551365130063,>=,52,<=,15,>=,50,1,0.18435582822085883,1.0384615384615385,0,0,-2,1
>=,36,>=,1,>=,59,0,0.2871199388846448,1412,0.043364761524523204,0.8675637393767706,0.13243626062322947,0.43626062322946174,0.4742857142857143,0.18716577540106952,0.4859494487270047,0.001566290961579804,0.9206105463591413,>=,36,>=,1,>=,57,1,0.18805429864253387,1.0338983050847457,0,0,-2,1
>=,44,>=,15,>=,40,0,0.2598938223938224,307,0.009428457356960782,0.8436482084690554,0.1563517915309446,0.7817589576547231,0.8223938223938224,0.5625,0.6817972420994441,0.9873161143699518,0.7057522803353705,>=,44,>=,15,>=,41,0,0.10220937435473876,0.025,0,0,1,0
<=,55,<=,16,<=,58,1,0.21418732782369143,1936,0.05945763336506864,0.75,0.25,0.6131198347107438,0.6666666666666666,0.4524793388429752,0.874420318786278,1.0,0.9204569884217315,<=,53,<=,16,<=,54,1,0.19754176786634287,0.10532915360501567,-2,0,-4,0
>=,49,>=,15,<=,43,0,0.43503937007874016,151,0.004637449709775498,0.8410596026490066,0.15894039735099338,0.6158940397350994,0.6850393700787402,0.25,0.7831147692024201,0.9873161143699518,0.7182211848530451,>=,47,>=,14,<=,43,1,0.10817031070195626,1.107482993197279,-2,-1,0,1
>=,36,>=,10,>=,43,0,0.32738020138462,3156,0.09692577009305611,0.8168567807351077,0.18314321926489227,0.5494296577946768,0.6093871217998449,0.2820069204152249,0.4859494487270047,0.6770369460397407,0.7182211848530451,>=,35,>=,10,>=,43,1,0.19985189466459552,1.0277777777777777,-1,0,0,1
>=,26,>=,12,>=,20,0,0.3030130540814343,6822,0.20951444980191025,0.7125476399882732,0.28745236001172675,0.455584872471416,0.5426866899814853,0.239673635900051,0.22100058352016216,0.7522496237830534,0.08992352814716993,>=,26,>=,12,>=,20,1,0.19432773109243695,1.0,0,0,0,1
<=,55,>=,8,>=,22,1,0.22502866705922464,2025,0.062190964650962806,0.777283950617284,0.22271604938271605,0.662716049382716,0.7128335451080051,0.4878048780487805,0.874420318786278,0.13061638156076288,0.092011916095943,<=,55,>=,8,>=,22,0,0.19519596877075535,1.0,0,0,0,-1
>=,50,>=,1,>=,46,0,0.2696730020068469,1272,0.03906513927704923,0.845125786163522,0.15487421383647798,0.45125786163522014,0.4930232558139535,0.2233502538071066,0.8016031448665581,0.001566290961579804,0.7832683271398299,>=,50,>=,1,>=,46,1,0.17892116182572604,1.0,0,0,0,1
>=,39,<=,13,>=,50,1,0.2230238726790451,354,0.010871901968612757,0.9180790960451978,0.08192090395480225,0.7909604519774012,0.8092307692307692,0.5862068965517241,0.562759129019379,0.9167101747489328,0.8881176868032309,>=,37,<=,13,>=,50,1,0.19502931219552466,0.05128205128205128,-2,0,0,0
<=,56,>=,9,>=,28,1,0.23007267875181264,2013,0.06182242560117932,0.7819175360158966,0.21808246398410333,0.6696472925981123,0.7198221092757306,0.489749430523918,0.8856607598046743,0.4531187617087927,0.12557968121372193,<=,55,>=,9,>=,28,0,0.19968745078884645,1.0178571428571428,-1,0,0,-1
<=,54,<=,15,>=,52,1,0.2574184657785944,346,0.010626209268757103,0.8988439306358381,0.10115606936416185,0.7456647398843931,0.7717041800643086,0.5142857142857142,0.8615521636313381,0.9873161143699518,0.8927551365130063,<=,54,<=,15,>=,50,1,0.1645952440135886,0.038461538461538464,0,0,-2,0
>=,48,>=,2,>=,57,0,0.2827586206896552,582,0.01787414391449894,0.8505154639175257,0.14948453608247422,0.42439862542955326,0.4666666666666667,0.1839080459770115,0.7653941832253309,0.00672583765854857,0.9195970639722367,>=,48,>=,2,>=,62,0,0.19966777408637876,0.08771929824561403,0,0,5,0
>=,39,>=,3,>=,36,1,0.22063772706483087,1469,0.045115322010994746,0.8379850238257318,0.16201497617426822,0.7311095983662356,0.7668562144597888,0.5462184873949579,0.562759129019379,0.01695279629004023,0.2180522711218943,>=,39,>=,3,>=,41,1,0.18761022518425008,0.1388888888888889,0,0,5,0
<=,53,>=,4,<=,60,1,0.2105314853214013,1986,0.06099321273916649,0.7532729103726082,0.24672708962739173,0.621852970795569,0.6737967914438503,0.463265306122449,0.848806854826326,0.036792481803384416,0.9659101378950278,<=,49,>=,4,<=,59,1,0.19937778400772516,0.09213836477987421,-4,0,-1,0
>=,55,>=,9,<=,41,1,0.27142857142857146,324,0.00995055434415405,0.7407407407407407,0.25925925925925924,0.5462962962962963,0.6166666666666667,0.34523809523809523,0.874420318786278,0.4531187617087927,0.7068578974847209,>=,55,>=,9,<=,39,1,0.16666666666666669,0.04878048780487805,0,0,-2,0
<=,58,>=,13,<=,40,0,0.24557841102094738,3671,0.11274223764626394,0.6186325251974939,0.38136747480250616,0.32906564968673385,0.4227212681638045,0.17714285714285713,0.9078959491416111,0.9167101747489328,0.7057522803353705,<=,58,>=,13,<=,39,0,0.0436914647440963,0.025,0,0,-1,0
<=,53,<=,13,>=,47,1,0.223961803242283,531,0.016307852952919137,0.8926553672316384,0.10734463276836158,0.6911487758945386,0.7151898734177216,0.49122807017543857,0.848806854826326,0.9167101747489328,0.7847731949264457,<=,53,<=,13,>=,45,1,0.19627945431996696,0.0425531914893617,0,0,-2,0
<=,49,>=,6,<=,59,1,0.2071953204028676,1595,0.04898498203372132,0.7310344827586207,0.2689655172413793,0.5943573667711599,0.6500857632933105,0.4428904428904429,0.7831147692024201,0.08123214888977612,0.9206105463591413,<=,46,>=,6,<=,59,1,0.19283237388348284,0.061224489795918366,-3,0,0,0
>=,34,<=,11,<=,53,1,0.2073149069205628,971,0.02982095144498019,0.7662203913491246,0.23377960865087538,0.5200823892893924,0.5685483870967742,0.36123348017621143,0.4314670925340131,0.7194803599398053,0.8935229262000552,>=,33,<=,11,<=,55,1,0.198989898989899,0.06714761376248612,-1,0,2,0
>=,42,>=,4,>=,45,1,0.20804369414101298,587,0.018027701851908724,0.9028960817717206,0.09710391822827939,0.8194207836456558,0.839622641509434,0.631578947368421,0.6359141304014004,0.036792481803384416,0.7807499769663094,>=,42,>=,4,>=,44,1,0.19422216621510935,0.022222222222222223,0,0,-1,0
>=,43,<=,13,<=,48,0,0.22138444948960787,7568,0.23242529406345014,0.6481236786469344,0.3518763213530655,0.2358615221987315,0.3137614678899083,0.09237701840030041,0.6595620527625073,0.9167101747489328,0.8006510856546175,>=,43,<=,12,<=,48,0,0.18747593395006248,0.07692307692307693,0,-1,0,0
>=,30,>=,13,<=,47,0,0.30301419046915246,3618,0.11111452350972022,0.6951354339414041,0.3048645660585959,0.45632946379215034,0.5487077534791253,0.2456935630099728,0.3246829028592488,0.9167101747489328,0.7847731949264457,>=,30,>=,13,<=,47,1,0.17137514192212644,1.0,0,0,0,1
<=,56,>=,10,>=,28,1,0.2533725029377203,1483,0.045545284235742146,0.7754551584625758,0.22454484153742413,0.7370195549561699,0.7939130434782609,0.5405405405405406,0.8856607598046743,0.6770369460397407,0.12557968121372193,<=,55,>=,9,>=,28,0,0.19968745078884645,1.1178571428571429,-1,-1,0,-1
<=,59,>=,14,>=,21,0,0.36422300623564163,1913,0.05875126685298363,0.7239937271301621,0.276006272869838,0.5875588081547308,0.688086642599278,0.32386363636363635,0.9187985626977059,0.9696262399803446,0.0906606062467369,<=,59,>=,16,>=,21,0,0.19136212624584725,0.14285714285714285,0,2,0,0
>=,27,>=,12,<=,46,0,0.2799770776800806,4643,0.14259390067872607,0.6674563859573551,0.3325436140426448,0.40060305836743487,0.4937076476282672,0.21373056994818654,0.2466447590675962,0.7522496237830534,0.7832683271398299,>=,27,>=,9,<=,46,0,0.1956224089680777,0.25,0,-3,0,0
<=,54,>=,5,<=,59,1,0.21094150377040777,1863,0.057215687478885786,0.7471819645732689,0.2528180354267311,0.6162104133118625,0.6695402298850575,0.4585987261146497,0.8615521636313381,0.05257823776911028,0.9206105463591413,<=,54,>=,5,<=,59,0,0.1623544607574184,1.0,0,0,0,-1
>=,42,>=,6,>=,53,1,0.20454545454545459,242,0.00743220417063358,0.9090909090909091,0.09090909090909091,0.8223140495867769,0.8409090909090909,0.6363636363636364,0.6359141304014004,0.08123214888977612,0.8935229262000552,>=,42,>=,6,>=,50,1,0.18678347393467443,0.05660377358490566,0,0,-3,0
<=,42,>=,12,>=,48,0,0.23010752688172048,1364,0.04189060532538927,0.7954545454545454,0.20454545454545456,0.49486803519061584,0.5419354838709678,0.3118279569892473,0.6359141304014004,0.7522496237830534,0.8006510856546175,<=,36,>=,12,>=,48,0,0.1709057612929481,0.14285714285714285,-6,0,0,0
<=,43,<=,15,>=,56,0,0.2063755743168652,1484,0.0455759958232241,0.8470350404312669,0.15296495956873316,0.3025606469002695,0.3341288782816229,0.1277533039647577,0.6595620527625073,0.9873161143699518,0.9190749669850434,<=,43,<=,15,>=,55,0,0.19921778241314125,0.017857142857142856,0,0,-1,0
<=,43,>=,14,<=,54,0,0.29292510663282045,888,0.027271889683977764,0.6722972972972973,0.3277027027027027,0.47184684684684686,0.5678391959798995,0.27491408934707906,0.6595620527625073,0.9696262399803446,0.8947821012868156,<=,43,>=,16,<=,54,0,0.19179487179487176,0.14285714285714285,0,2,0,0
<=,46,>=,11,>=,31,1,0.2250840981768346,804,0.024692116335493383,0.7524875621890548,0.24751243781094528,0.7723880597014925,0.828099173553719,0.6030150753768844,0.7269739872854027,0.7194803599398053,0.16123583428027394,<=,43,>=,11,>=,31,1,0.19754208165880371,0.06521739130434782,-3,0,0,0
<=,46,>=,11,<=,48,1,0.20519833427442125,513,0.01575504437824391,0.6861598440545809,0.3138401559454191,0.6998050682261209,0.7642045454545454,0.5590062111801242,0.7269739872854027,0.7194803599398053,0.8006510856546175,<=,45,>=,11,<=,48,1,0.19002805704933368,0.021739130434782608,-1,0,0,0
>=,34,>=,1,>=,29,0,0.25248340671439284,15705,0.4823254814041338,0.7154409423750397,0.2845590576249602,0.3160140082776186,0.3878604485582058,0.13537704184381294,0.4314670925340131,0.001566290961579804,0.12579466232609562,>=,37,>=,1,>=,29,1,0.1995861968624565,1.088235294117647,3,0,0,1
>=,53,>=,10,>=,47,0,0.31604938271604943,495,0.015202235803568687,0.8181818181818182,0.18181818181818182,0.5474747474747474,0.6049382716049383,0.28888888888888886,0.848806854826326,0.6770369460397407,0.7847731949264457,>=,53,>=,10,>=,47,1,0.1228813559322034,1.0,0,0,0,1
<=,59,>=,15,<=,51,0,0.33930362116991647,459,0.014096618654218237,0.7821350762527233,0.2178649237472767,0.6753812636165577,0.7493036211699164,0.41,0.9187985626977059,0.9873161143699518,0.8885169374404963,<=,59,>=,16,<=,52,0,0.19527476830700952,0.08627450980392157,0,1,1,0
>=,41,>=,15,<=,46,0,0.37273399926008133,263,0.008077147507754677,0.8060836501901141,0.19391634980988592,0.6730038022813688,0.7452830188679245,0.37254901960784315,0.6119590921654741,0.9873161143699518,0.7832683271398299,>=,41,>=,14,<=,46,1,0.15494505494505495,1.0666666666666667,0,-1,0,1
>=,53,<=,14,>=,56,0,0.2523577954612437,313,0.009612726881852524,0.8338658146964856,0.16613418530351437,0.3450479233226837,0.38697318007662834,0.1346153846153846,0.848806854826326,0.9696262399803446,0.9190749669850434,>=,53,<=,14,>=,61,0,0.18272171253822633,0.08928571428571429,0,0,5,0
>=,44,>=,11,>=,42,0,0.38527284681130836,1248,0.03832806117748226,0.8125,0.1875,0.625,0.6972386587771203,0.31196581196581197,0.6817972420994441,0.7194803599398053,0.7135837351432696,>=,43,>=,11,>=,42,1,0.18967633072557144,1.0227272727272727,-1,0,0,1
>=,34,>=,12,<=,41,0,0.28373679261820905,2923,0.08976997020976014,0.6722545330140267,0.3277454669859733,0.4245638043106398,0.517557251908397,0.23382045929018788,0.4314670925340131,0.7522496237830534,0.7068578974847209,>=,34,>=,12,<=,39,0,0.12235900273176803,0.04878048780487805,0,0,-2,0
<=,47,<=,14,>=,39,1,0.20918483197093551,1389,0.04265839501243819,0.7926565874730022,0.20734341252699784,0.6033117350611951,0.6466848319709355,0.4375,0.7487177912226283,0.9696262399803446,0.23841405362243173,<=,46,<=,14,>=,39,1,0.19637586939921164,0.02127659574468085,-1,0,0,0
>=,54,>=,12,>=,34,1,0.23277467411545627,206,0.0063265870212831305,0.8689320388349514,0.13106796116504854,0.8689320388349514,0.8994413407821229,0.6666666666666666,0.8615521636313381,0.7522496237830534,0.1714627929117656,>=,53,>=,12,>=,34,1,0.1767676767676768,0.018518518518518517,-1,0,0,0
>=,28,>=,6,<=,56,1,0.21213510781320022,2070,0.06357298608765087,0.7661835748792271,0.23381642512077294,0.6666666666666666,0.7162673392181589,0.5041322314049587,0.2732717054144529,0.08123214888977612,0.9190749669850434,>=,26,>=,6,<=,54,1,0.1998839562919777,0.10714285714285714,-2,0,-2,0
<=,41,>=,11,>=,41,0,0.249145179276327,2032,0.06240594576333651,0.7701771653543307,0.2298228346456693,0.4424212598425197,0.4996805111821086,0.2505353319057816,0.6119590921654741,0.7194803599398053,0.7068578974847209,<=,36,>=,11,>=,41,0,0.18541745056231446,0.12195121951219512,-5,0,0,0
<=,56,>=,6,>=,23,1,0.22240984388314294,2113,0.06489358434937502,0.779460482725982,0.220539517274018,0.6540463795551349,0.7030965391621129,0.48068669527896996,0.8856607598046743,0.08123214888977612,0.09265685943306409,<=,56,>=,6,>=,23,0,0.18832496111674613,1.0,0,0,0,-1
>=,53,>=,4,>=,31,1,0.22208059613687625,528,0.016215718190473266,0.821969696969697,0.17803030303030304,0.6931818181818182,0.7327188940092166,0.5106382978723404,0.848806854826326,0.036792481803384416,0.16123583428027394,>=,56,>=,4,>=,31,1,0.19648562300319494,0.05660377358490566,3,0,0,0
<=,43,<=,10,>=,42,1,0.30377880184331796,242,0.00743220417063358,0.8966942148760331,0.10330578512396695,0.512396694214876,0.543778801843318,0.24,0.6595620527625073,0.6770369460397407,0.7135837351432696,<=,41,<=,10,>=,40,1,0.1887990762124711,0.09413067552602436,-2,0,-2,0
<=,60,>=,4,>=,22,1,0.21031702775128308,2282,0.07008384263382575,0.7843996494303243,0.21560035056967572,0.6507449605609115,0.6960893854748603,0.48577235772357724,0.9283805779920764,0.036792481803384416,0.092011916095943,<=,60,>=,4,>=,22,0,0.1865065001424348,1.0,0,0,0,-1
>=,57,>=,2,<=,40,1,0.21765517241379312,337,0.01034980498141949,0.7418397626112759,0.258160237388724,0.47181008902077154,0.528,0.3103448275862069,0.8966555081232149,0.00672583765854857,0.7057522803353705,>=,57,>=,2,<=,39,1,0.14835368109507957,0.025,0,0,-1,0
>=,53,<=,14,<=,59,0,0.2272245690147277,4233,0.13000214981112374,0.6732813607370659,0.3267186392629341,0.24120009449562957,0.3154385964912281,0.08821402747650037,0.848806854826326,0.9696262399803446,0.9206105463591413,>=,57,<=,14,<=,59,0,0.19791707527556582,0.07547169811320754,4,0,0,0
<=,41,<=,14,>=,58,1,0.246969696969697,122,0.003746813672798747,0.9016393442622951,0.09836065573770492,0.639344262295082,0.6636363636363637,0.4166666666666667,0.6119590921654741,0.9696262399803446,0.9204569884217315,<=,41,<=,14,>=,58,0,0.1921143172371076,1.0,0,0,0,-1
>=,47,>=,14,<=,56,0,0.352603034673275,723,0.02220447774945487,0.7482710926694329,0.2517289073305671,0.6154910096818811,0.7042513863216266,0.3516483516483517,0.7487177912226283,0.9696262399803446,0.9190749669850434,>=,47,>=,14,<=,56,1,0.14473684210526316,1.0,0,0,0,1
>=,53,<=,13,>=,43,0,0.2388122225713158,932,0.02862319953318387,0.8272532188841202,0.17274678111587982,0.3776824034334764,0.41893644617380027,0.18012422360248448,0.848806854826326,0.9167101747489328,0.7182211848530451,>=,54,<=,12,>=,43,0,0.1998934418289257,0.09579100145137881,1,-1,0,0
>=,32,<=,14,>=,60,0,0.26651748251748253,1583,0.04861644298393784,0.868603916614024,0.131396083385976,0.38534428300694884,0.4203636363636364,0.15384615384615385,0.3773839869782869,0.9696262399803446,0.9659101378950278,>=,31,<=,14,>=,62,0,0.19894179894179892,0.06458333333333333,-1,0,2,0
>=,47,<=,11,>=,47,0,0.2442224388527702,1026,0.03151008875648782,0.8469785575048733,0.1530214424951267,0.3469785575048733,0.38434982738780205,0.14012738853503184,0.7487177912226283,0.7194803599398053,0.7847731949264457,>=,51,<=,11,>=,47,0,0.19360269360269364,0.0851063829787234,4,0,0,0
>=,39,<=,12,>=,37,1,0.2308961620190652,782,0.024016461410890328,0.8350383631713555,0.1649616368286445,0.5959079283887468,0.6339969372128637,0.40310077519379844,0.562759129019379,0.7522496237830534,0.2226282976567059,>=,40,<=,11,>=,37,1,0.19977823538729605,0.10897435897435898,1,-1,0,0
>=,30,>=,8,>=,51,0,0.2632449272938179,2398,0.07364638678173274,0.8494578815679733,0.1505421184320267,0.4424520433694746,0.48208149239077075,0.2188365650969529,0.3246829028592488,0.13061638156076288,0.8885169374404963,>=,30,>=,8,>=,51,1,0.19036619335552685,1.0,0,0,0,1
>=,50,>=,11,<=,46,1,0.3017182130584193,239,0.00734006940818771,0.8117154811715481,0.18828451882845187,0.7782426778242678,0.8350515463917526,0.5333333333333333,0.8016031448665581,0.7194803599398053,0.7832683271398299,>=,50,>=,13,<=,46,1,0.19041811846689893,0.18181818181818182,0,2,0,0
>=,31,>=,1,>=,24,0,0.23402542793584136,18435,0.5661681152298762,0.7078383509628424,0.2921616490371576,0.29617575264442636,0.36454900758678827,0.1305235796509469,0.35195479254322654,0.001566290961579804,0.10039617947851724,>=,30,>=,1,>=,24,1,0.19590674979669287,1.032258064516129,-1,0,0,1
>=,36,<=,11,<=,56,1,0.20930018416206259,934,0.028684622708147783,0.7751605995717344,0.22483940042826553,0.5289079229122056,0.5759668508287292,0.36666666666666664,0.4859494487270047,0.7194803599398053,0.9190749669850434,>=,37,<=,11,<=,56,1,0.19983349664414696,0.027777777777777776,1,0,0,0
>=,35,>=,5,<=,52,0,0.2409367703985991,13728,0.4216086729523049,0.6695075757575758,0.33049242424242425,0.29421620046620045,0.37384397780437384,0.13290720740577475,0.45837044316820735,0.05257823776911028,0.8927551365130063,>=,35,>=,5,<=,49,1,0.19824738032830513,1.0576923076923077,0,0,-3,1
>=,28,>=,6,>=,59,0,0.23282799925135694,1917,0.05887411320291146,0.8575899843505478,0.14241001564945227,0.4047991653625456,0.43795620437956206,0.20512820512820512,0.2732717054144529,0.08123214888977612,0.9206105463591413,>=,29,>=,6,>=,57,1,0.19244028564393,1.0696125907990315,1,0,-2,1
<=,59,>=,7,>=,57,1,0.2236559139784946,278,0.00853782131998403,0.8920863309352518,0.1079136690647482,0.7661870503597122,0.7903225806451613,0.5666666666666667,0.9187985626977059,0.11731826418107552,0.9195970639722367,<=,63,>=,8,>=,57,1,0.19681274900398404,0.21065375302663436,4,1,0,0
<=,56,>=,13,>=,56,0,0.3320146685755909,715,0.021958785049599215,0.806993006993007,0.193006993006993,0.5650349650349651,0.6291161178509532,0.2971014492753623,0.8856607598046743,0.9167101747489328,0.9190749669850434,<=,56,>=,15,>=,55,0,0.19780219780219788,0.1717032967032967,0,2,-1,0
>=,40,>=,5,>=,52,1,0.20391705069124422,276,0.008476398145020115,0.8985507246376812,0.10144927536231885,0.8260869565217391,0.8467741935483871,0.6428571428571429,0.5871441294800528,0.05257823776911028,0.8927551365130063,>=,40,>=,5,>=,50,1,0.18945079310932966,0.038461538461538464,0,0,-2,0
>=,59,<=,15,>=,42,0,0.28495065789473684,460,0.014127330241700193,0.8347826086956521,0.16521739130434782,0.3826086956521739,0.4296875,0.14473684210526316,0.9187985626977059,0.9873161143699518,0.7135837351432696,>=,65,<=,15,>=,42,0,0.18112244897959184,0.1016949152542373,6,0,0,0
<=,51,<=,10,<=,57,1,0.2233418688885646,893,0.02742544762138755,0.7469204927211646,0.2530795072788354,0.43673012318029114,0.49325337331334335,0.26991150442477874,0.8198765394183225,0.6770369460397407,0.9195970639722367,<=,46,<=,10,<=,57,1,0.19478688406059075,0.09803921568627451,-5,0,0,0
>=,31,>=,5,<=,55,1,0.2115259631615345,1956,0.06007186511470778,0.7724948875255624,0.22750511247443764,0.6712678936605317,0.7193911317008603,0.5078651685393258,0.35195479254322654,0.05257823776911028,0.9160959429992936,>=,30,>=,5,<=,53,1,0.19960814876684851,0.0686217008797654,-1,0,-2,0
>=,51,>=,13,<=,56,1,0.20898946709771615,266,0.008169282270200546,0.8383458646616542,0.16165413533834586,0.849624060150376,0.8834080717488789,0.6744186046511628,0.8198765394183225,0.9167101747489328,0.9190749669850434,>=,51,>=,13,<=,54,1,0.19146930599740775,0.03571428571428571,0,0,-2,0
<=,47,<=,11,>=,55,1,0.35416666666666674,102,0.003132581923159608,0.9411764705882353,0.058823529411764705,0.5,0.5208333333333334,0.16666666666666666,0.7487177912226283,0.7194803599398053,0.9160959429992936,<=,47,<=,11,>=,54,0,0.19701496172299302,1.018181818181818,0,0,-1,-1
>=,47,<=,14,<=,43,1,0.21956096315834261,599,0.018396240901692208,0.7312186978297162,0.2687813021702838,0.5642737896494157,0.6232876712328768,0.40372670807453415,0.7487177912226283,0.9696262399803446,0.7182211848530451,>=,45,<=,14,<=,44,1,0.19907773386034255,0.06580900544285007,-2,0,1,0
>=,38,>=,4,<=,51,0,0.2489254890446289,12058,0.3703203218574368,0.6699286780560624,0.3300713219439376,0.2954055398905291,0.37756870512503093,0.12864321608040202,0.5376984736341022,0.036792481803384416,0.8885169374404963,>=,38,>=,4,<=,49,1,0.1884139109680366,1.0392156862745099,0,0,-2,1
>=,32,>=,9,>=,54,0,0.27307894587348797,2104,0.06461718006203741,0.8559885931558935,0.14401140684410646,0.45817490494296575,0.4975013881177124,0.22442244224422442,0.3773839869782869,0.4531187617087927,0.8947821012868156,>=,31,>=,9,>=,53,1,0.19927390076643814,1.0497685185185186,-1,0,-1,1
<=,54,<=,15,>=,46,0,0.2089457379691073,5418,0.1663953809772427,0.8274270948689554,0.17257290513104467,0.3536360280546327,0.38969440107071157,0.18074866310160428,0.8615521636313381,0.9873161143699518,0.7832683271398299,<=,49,<=,15,>=,46,0,0.19809667647032844,0.09259259259259259,-5,0,0,0
<=,51,<=,16,>=,25,1,0.21292164491009302,1915,0.05881269002794755,0.7765013054830288,0.22349869451697127,0.6302872062663185,0.6778749159381304,0.4649532710280374,0.8198765394183225,1.0,0.12109578944135622,<=,49,<=,16,>=,25,1,0.1996506136520667,0.0392156862745098,-2,0,0,0
<=,55,<=,14,>=,36,1,0.22425080682342097,1806,0.05546512699241424,0.8006644518272426,0.19933554817275748,0.6351052048726468,0.6798063623789765,0.45555555555555555,0.874420318786278,0.9696262399803446,0.2180522711218943,<=,55,<=,14,>=,41,1,0.1675193493375312,0.1388888888888889,0,0,5,0
<=,50,>=,2,>=,31,1,0.21303870746662584,1789,0.05494303000522097,0.7803242034656233,0.21967579653437674,0.6344326439351593,0.6812320916905444,0.4681933842239186,0.8016031448665581,0.00672583765854857,0.16123583428027394,<=,46,>=,2,>=,31,1,0.19210473486477964,0.08,-4,0,0,0
<=,52,<=,13,<=,54,1,0.21357004659243467,1450,0.044531801848837566,0.7393103448275862,0.26068965517241377,0.5441379310344827,0.5998134328358209,0.3862433862433862,0.8345566782346979,0.9167101747489328,0.8947821012868156,<=,52,<=,14,<=,54,1,0.19941889515326294,0.07692307692307693,0,1,0,0
<=,60,>=,9,>=,43,0,0.2346217769324551,7261,0.22299683670648937,0.8109075884864344,0.18909241151356562,0.37598126979754853,0.4203464673913043,0.18572469045884923,0.9283805779920764,0.4531187617087927,0.7182211848530451,<=,60,>=,9,>=,43,1,0.16936198130227986,1.0,0,0,0,1
>=,53,<=,12,>=,31,0,0.22269434751388872,2763,0.08485611621264703,0.7050307636626855,0.29496923633731453,0.23307998552298226,0.29876796714579057,0.07607361963190185,0.848806854826326,0.7522496237830534,0.16123583428027394,>=,53,<=,9,>=,31,0,0.18553890078515348,0.25,0,-3,0,0
>=,49,>=,12,>=,47,1,0.20275521017308373,168,0.005159546696968767,0.8869047619047619,0.1130952380952381,0.9166666666666666,0.9395973154362416,0.7368421052631579,0.7831147692024201,0.7522496237830534,0.7847731949264457,>=,48,>=,12,>=,47,1,0.19374999999999998,0.02040816326530612,-1,0,0,0
<=,57,>=,11,>=,24,1,0.2240887535653665,1144,0.03513405607935874,0.7744755244755245,0.22552447552447552,0.7937062937062938,0.8442437923250564,0.6201550387596899,0.8966555081232149,0.7194803599398053,0.10039617947851724,<=,58,>=,13,>=,24,1,0.1979461305200927,0.19936204146730463,1,2,0,0
>=,26,>=,13,<=,55,0,0.2965676886438956,5486,0.1684837689260158,0.7061611374407583,0.2938388625592417,0.45880422894640904,0.5459473412493546,0.24937965260545905,0.22100058352016216,0.9167101747489328,0.9160959429992936,>=,26,>=,13,<=,55,1,0.17750040525206678,1.0,0,0,0,1
>=,58,<=,16,>=,36,0,0.2477372885371748,1817,0.05580295445471577,0.7413318657127133,0.25866813428728674,0.2900385250412768,0.35412026726057905,0.10638297872340426,0.9078959491416111,1.0,0.2180522711218943,>=,58,<=,16,>=,36,1,0.1785714285714286,1.0,0,0,0,1
>=,34,>=,14,<=,46,0,0.3820057306590258,1124,0.0345198243297196,0.6895017793594306,0.3104982206405694,0.5613879003558719,0.68,0.2979942693409742,0.4314670925340131,0.9696262399803446,0.7832683271398299,>=,34,>=,14,<=,46,1,0.14108296075509186,1.0,0,0,0,1
>=,30,<=,15,>=,36,1,0.20537852699006565,1985,0.06096250115168453,0.8267002518891687,0.17329974811083124,0.7017632241813602,0.7373552711761121,0.5319767441860465,0.3246829028592488,0.9873161143699518,0.2180522711218943,>=,30,<=,15,>=,41,1,0.14763516172188562,0.1388888888888889,0,0,5,0
>=,25,>=,5,>=,31,1,0.21232621267555774,2308,0.07088234390835663,0.8015597920277296,0.19844020797227035,0.6811091854419411,0.7232432432432433,0.5109170305676856,0.19689198734682595,0.05257823776911028,0.16123583428027394,>=,26,>=,4,>=,30,1,0.19939534460811048,0.27225806451612905,1,-1,-1,0
>=,28,<=,15,>=,25,0,0.2174144935244598,20271,0.6225545898467492,0.7047999605347541,0.2952000394652459,0.27388880666962656,0.33806957373836355,0.12065508021390374,0.2732717054144529,0.9873161143699518,0.12109578944135622,>=,28,<=,13,>=,25,0,0.19952029199617624,0.13333333333333333,0,-2,0,0
>=,38,<=,16,>=,29,1,0.20168697237487532,1662,0.05104265839501244,0.8128760529482552,0.1871239470517449,0.720216606498195,0.7579570688378978,0.5562700964630225,0.5376984736341022,1.0,0.12579466232609562,>=,37,<=,16,>=,29,1,0.1995861968624565,0.02631578947368421,-1,0,0,0
>=,34,>=,8,>=,39,0,0.28041357996722116,12498,0.38383342034949786,0.7428388542166746,0.25716114578332533,0.3629380700912146,0.43504954760878933,0.15463596764156815,0.4314670925340131,0.13061638156076288,0.23841405362243173,>=,34,>=,8,>=,41,1,0.1692307692307693,1.0512820512820513,0,0,2,1
<=,47,>=,13,>=,30,0,0.30053908355795145,4823,0.14812198642547833,0.6923076923076923,0.3076923076923077,0.4088741447232013,0.5013477088948787,0.20080862533692723,0.7487177912226283,0.9167101747489328,0.16108227634286415,<=,47,>=,16,>=,30,0,0.19992609016999263,0.23076923076923078,0,3,0,0
>=,34,>=,5,<=,44,0,0.20102859725333783,11351,0.34860722950769324,0.6284908818606291,0.371509118139371,0.24491234252488767,0.31959629941127,0.11856770215793218,0.4314670925340131,0.05257823776911028,0.7247320413992199,>=,34,>=,5,<=,43,0,0.1984264305603184,0.022727272727272728,0,0,-1,0
<=,51,>=,10,>=,29,0,0.24409313282207576,12038,0.36970609010779765,0.6668051171290912,0.3331948828709088,0.29564711746137234,0.37697770026161703,0.13288456743954127,0.8198765394183225,0.6770369460397407,0.12579466232609562,<=,51,>=,9,>=,29,0,0.1885937950542556,0.1,0,-1,0,0
>=,55,>=,9,>=,35,1,0.2669866365518539,377,0.011578268480697767,0.8169761273209549,0.1830238726790451,0.7108753315649867,0.7597402597402597,0.4927536231884058,0.874420318786278,0.4531187617087927,0.21129572187586376,>=,59,>=,9,>=,36,1,0.19919786096256686,0.10129870129870129,4,0,1,0
>=,57,<=,13,>=,25,0,0.22818296445440664,2256,0.06928534135929486,0.7078900709219859,0.2921099290780142,0.23891843971631205,0.3055729492798998,0.07738998482549317,0.8966555081232149,0.9167101747489328,0.12109578944135622,>=,58,<=,12,>=,25,0,0.19484612267276932,0.09446693657219973,1,-1,0,0
>=,35,>=,2,>=,40,1,0.23011000570181483,1729,0.053100334756303554,0.8374783111625217,0.1625216888374783,0.7229612492770388,0.7603591160220995,0.5302491103202847,0.45837044316820735,0.00672583765854857,0.7057522803353705,>=,35,>=,2,>=,41,1,0.17732955885822133,0.025,0,0,1,0
<=,50,>=,12,>=,53,1,0.2971867007672634,193,0.00592733638401769,0.8808290155440415,0.11917098445595854,0.8704663212435233,0.9058823529411765,0.6086956521739131,0.8016031448665581,0.7522496237830534,0.8935229262000552,<=,50,>=,12,>=,50,1,0.17460955443270565,0.05660377358490566,0,0,-3,0
>=,38,<=,13,>=,42,0,0.2943181196407495,3704,0.11375572003316851,0.8174946004319654,0.18250539956803455,0.39740820734341253,0.4511228533685601,0.15680473372781065,0.5376984736341022,0.9167101747489328,0.7135837351432696,>=,37,<=,13,>=,43,1,0.19853353915239969,1.050125313283208,-1,0,1,1
<=,47,<=,11,<=,57,1,0.20503866963189166,876,0.02690335063419428,0.7317351598173516,0.2682648401826484,0.4223744292237443,0.47737909516380655,0.2723404255319149,0.7487177912226283,0.7194803599398053,0.9195970639722367,<=,46,<=,11,<=,57,1,0.19212246302029584,0.02127659574468085,-1,0,0,0
>=,40,>=,11,>=,33,1,0.22823286965481715,776,0.023832191885998586,0.8337628865979382,0.16623711340206185,0.8569587628865979,0.8948995363214838,0.6666666666666666,0.5871441294800528,0.7194803599398053,0.17060286846227082,>=,38,>=,11,>=,33,1,0.19857628559286022,0.05,-2,0,0,0
<=,56,<=,12,<=,53,1,0.22229665071770338,1136,0.03488836337950309,0.7359154929577465,0.2640845070422535,0.4735915492957746,0.5322966507177034,0.31,0.8856607598046743,0.7522496237830534,0.8935229262000552,<=,56,<=,12,<=,49,1,0.19858156028368795,0.07547169811320754,0,0,-4,0
>=,41,>=,5,>=,53,1,0.22180851063829787,259,0.007954301157826848,0.9073359073359073,0.09266409266409266,0.8262548262548263,0.8468085106382979,0.625,0.6119590921654741,0.05257823776911028,0.8935229262000552,>=,41,>=,5,>=,56,1,0.19210526315789467,0.05660377358490566,0,0,3,0
<=,45,>=,12,>=,23,0,0.2692649174505878,5254,0.16135868063020178,0.670346402740769,0.32965359725923105,0.36410354015987817,0.45286768881317435,0.1836027713625866,0.7043395473112005,0.7522496237830534,0.09265685943306409,<=,43,>=,10,>=,23,0,0.19392253575046736,0.2111111111111111,-2,-2,0,0
>=,27,>=,10,>=,31,1,0.23533536930211518,1578,0.048462885046528056,0.8003802281368821,0.19961977186311788,0.7788339670468948,0.8258115597783057,0.5904761904761905,0.2466447590675962,0.6770369460397407,0.16123583428027394,>=,29,>=,11,>=,31,1,0.18838822843341185,0.17407407407407408,2,1,0,0
<=,52,>=,2,>=,54,0,0.22401492421642327,2613,0.08024937809035348,0.8430922311519327,0.15690776884806737,0.36203597397627246,0.39718565592374033,0.17317073170731706,0.8345566782346979,0.00672583765854857,0.8947821012868156,<=,51,>=,2,>=,50,0,0.1971617704183347,0.0933048433048433,-1,0,-4,0
<=,48,>=,12,>=,29,0,0.29091431492507197,5702,0.17511747182211848,0.6851981760785689,0.3148018239214311,0.38986320589266926,0.4814435628359355,0.1905292479108635,0.7653941832253309,0.7522496237830534,0.12579466232609562,<=,48,>=,9,>=,29,0,0.17737016142204895,0.25,0,-3,0,0
>=,43,<=,16,<=,51,0,0.2583589894699764,9260,0.2843893000829213,0.6721382289416846,0.3278617710583153,0.29190064794816417,0.37660668380462725,0.11824769433465086,0.6595620527625073,1.0,0.8885169374404963,>=,41,<=,16,<=,49,1,0.1971698556720417,1.0857273141814865,-2,0,-2,1
>=,52,>=,10,<=,41,0,0.31261733416770965,1625,0.04990632965818003,0.6652307692307692,0.33476923076923076,0.34215384615384614,0.44680851063829785,0.13419117647058823,0.8345566782346979,0.6770369460397407,0.7068578974847209,>=,52,>=,9,<=,39,0,0.15806938159879336,0.14878048780487807,0,-1,-2,0
<=,56,>=,7,>=,34,1,0.2350843853219311,2007,0.06163815607628758,0.7922272047832586,0.2077727952167414,0.6706527154957648,0.7194968553459119,0.4844124700239808,0.8856607598046743,0.11731826418107552,0.1714627929117656,<=,56,>=,7,>=,34,0,0.19910111616036816,1.0,0,0,0,-1
>=,42,>=,14,<=,49,0,0.38806765790686953,817,0.025091366972758822,0.7050183598531212,0.29498164014687883,0.576499388004896,0.6909722222222222,0.3029045643153527,0.6359141304014004,0.9696262399803446,0.8015417216915942,>=,42,>=,14,<=,49,1,0.14522900763358781,1.0,0,0,0,1
>=,33,<=,13,<=,53,1,0.22636097917427844,1467,0.04505389883603084,0.7682344921608726,0.23176550783912747,0.6121336059986366,0.6645962732919255,0.43823529411764706,0.40425662602499923,0.9167101747489328,0.8935229262000552,>=,33,<=,12,<=,49,1,0.18948662085916995,0.15239477503628446,0,-1,-4,0
<=,38,>=,12,>=,59,0,0.2607912125632884,357,0.010964036731058628,0.7591036414565826,0.24089635854341737,0.453781512605042,0.5166051660516605,0.2558139534883721,0.5376984736341022,0.7522496237830534,0.9206105463591413,<=,36,>=,12,>=,55,0,0.19122257053291536,0.12042818911685994,-2,0,-4,0
>=,57,>=,7,>=,45,0,0.2989495033543086,551,0.016922084702558276,0.8511796733212341,0.14882032667876588,0.43738656987295826,0.48187633262260127,0.18292682926829268,0.8966555081232149,0.11731826418107552,0.7807499769663094,>=,57,>=,7,>=,45,1,0.11754385964912284,1.0,0,0,0,1
<=,50,>=,5,>=,34,1,0.22130946448422584,1753,0.05383741285587052,0.7832287507130633,0.21677124928693667,0.6417569880205363,0.6897305171158048,0.46842105263157896,0.8016031448665581,0.05257823776911028,0.1714627929117656,<=,46,>=,5,>=,34,1,0.1992445465388078,0.08,-4,0,0,0
>=,58,<=,16,>=,28,0,0.24204427533725353,2122,0.06516998863671263,0.7229029217719133,0.2770970782280867,0.27191328934967013,0.3389830508474576,0.09693877551020408,0.9078959491416111,1.0,0.12557968121372193,>=,58,<=,16,>=,31,1,0.19282076158137273,1.1071428571428572,0,0,3,1
>=,35,<=,11,>=,39,1,0.22816117877010972,883,0.02711833174656798,0.8369195922989807,0.16308040770101925,0.579841449603624,0.6170500676589986,0.3888888888888889,0.45837044316820735,0.7194803599398053,0.23841405362243173,>=,35,<=,9,>=,39,1,0.19690661961346528,0.18181818181818182,0,-2,0,0
<=,48,>=,10,>=,36,0,0.24537623620467247,10177,0.3125518258038758,0.6855654908126166,0.3144345091873833,0.2982214798074089,0.3753762362046725,0.13,0.7653941832253309,0.6770369460397407,0.2180522711218943,<=,48,>=,9,>=,36,0,0.18570721045569782,0.1,0,-1,0,0
>=,32,>=,10,<=,49,0,0.2759188394701111,7431,0.22821780657842203,0.648903243170502,0.35109675682949804,0.34692504373570177,0.4437992534218167,0.16788041395170564,0.3773839869782869,0.6770369460397407,0.8015417216915942,>=,32,>=,11,<=,50,1,0.19828463739407942,1.120408163265306,0,1,1,1
>=,33,<=,9,>=,46,0,0.2183150982512176,1600,0.04913853997113111,0.863125,0.136875,0.270625,0.3005068790731354,0.0821917808219178,0.40425662602499923,0.4531187617087927,0.7832683271398299,>=,33,<=,8,>=,46,0,0.07013406156901689,0.1111111111111111,0,-1,0,0
<=,59,<=,13,>=,44,1,0.2164785886758981,760,0.023340806486287276,0.8802631578947369,0.11973684210526316,0.6960526315789474,0.7219730941704036,0.5054945054945055,0.9187985626977059,0.9167101747489328,0.7247320413992199,<=,58,<=,13,>=,43,1,0.19922654690618757,0.03967642526964561,-1,0,-1,0
<=,59,<=,13,>=,56,0,0.22615851319781025,1976,0.060686096864346915,0.853744939271255,0.14625506072874495,0.3107287449392713,0.34380557202133966,0.11764705882352941,0.9187985626977059,0.9167101747489328,0.9190749669850434,<=,59,<=,13,>=,61,0,0.18136088809594608,0.08928571428571429,0,0,5,0
>=,43,>=,4,>=,50,0,0.2681326669695593,2116,0.06498571911182088,0.8388468809073724,0.1611531190926276,0.4829867674858223,0.5261971830985915,0.25806451612903225,0.6595620527625073,0.036792481803384416,0.8881176868032309,>=,43,>=,4,>=,50,1,0.19056827396918463,1.0,0,0,0,1
>=,56,>=,1,<=,46,0,0.2052296076340157,2978,0.09145910752126778,0.6584956346541303,0.3415043653458697,0.20987239758226997,0.2799592044875064,0.07472959685349066,0.8856607598046743,0.001566290961579804,0.7832683271398299,>=,57,>=,1,<=,46,0,0.19853568091918022,0.017857142857142856,1,0,0,0
>=,39,>=,10,>=,53,0,0.3276836158192091,994,0.0305273179570652,0.8309859154929577,0.16901408450704225,0.53420523138833,0.589588377723971,0.2619047619047619,0.562759129019379,0.6770369460397407,0.8935229262000552,>=,39,>=,10,>=,50,1,0.19122715404699742,1.0566037735849056,0,0,-3,1
<=,53,<=,11,>=,55,1,0.3130252100840336,127,0.003900371610208532,0.937007874015748,0.06299212598425197,0.5433070866141733,0.5630252100840336,0.25,0.848806854826326,0.7194803599398053,0.9160959429992936,<=,49,<=,11,>=,55,0,0.19770987116592542,1.0754716981132075,-4,0,0,-1
>=,45,<=,13,<=,58,1,0.2557122143892806,855,0.026258407297073186,0.7929824561403509,0.20701754385964913,0.6152046783625731,0.668141592920354,0.4124293785310734,0.7043395473112005,0.9167101747489328,0.9204569884217315,>=,45,<=,10,<=,58,1,0.19556136718608114,0.23076923076923078,0,-3,0,0
<=,35,>=,13,>=,35,0,0.20536072067662847,2376,0.0729707318571297,0.6355218855218855,0.36447811447811446,0.2840909090909091,0.35894039735099337,0.1535796766743649,0.45837044316820735,0.9167101747489328,0.21129572187586376,<=,34,>=,13,>=,35,0,0.1890723375693734,0.02857142857142857,-1,0,0,0
<=,41,<=,15,>=,52,1,0.22726060282742067,186,0.005712355271643991,0.8763440860215054,0.12365591397849462,0.6774193548387096,0.7055214723926381,0.4782608695652174,0.6119590921654741,0.9873161143699518,0.8927551365130063,<=,41,<=,15,>=,50,1,0.1191358024691358,0.038461538461538464,0,0,-2,0
>=,35,<=,10,>=,34,1,0.22368014819388699,855,0.026258407297073186,0.8152046783625732,0.1847953216374269,0.5684210526315789,0.6097560975609756,0.3860759493670886,0.45837044316820735,0.6770369460397407,0.1714627929117656,>=,35,<=,9,>=,34,1,0.177466070837471,0.1,0,-1,0,0
>=,45,>=,4,<=,40,1,0.21092278719397362,711,0.021835938699671386,0.7468354430379747,0.25316455696202533,0.6019690576652602,0.655367231638418,0.4444444444444444,0.7043395473112005,0.036792481803384416,0.7057522803353705,>=,45,>=,4,<=,39,1,0.09259259259259256,0.025,0,0,-1,0
<=,55,>=,4,>=,60,0,0.2253621390537626,2037,0.0625595037007463,0.8517427589592538,0.1482572410407462,0.36082474226804123,0.39423631123919306,0.16887417218543047,0.874420318786278,0.036792481803384416,0.9659101378950278,<=,56,>=,4,>=,62,0,0.1998909667935476,0.051515151515151514,1,0,2,0
<=,51,>=,12,<=,59,0,0.2700132680220626,5946,0.18261109916771598,0.6555667675748402,0.3444332324251598,0.36646485031954257,0.4594663930220626,0.189453125,0.8198765394183225,0.7522496237830534,0.9206105463591413,<=,51,>=,9,<=,59,0,0.16733337920533561,0.25,0,-3,0,0
>=,32,>=,10,<=,54,1,0.217476103981181,1230,0.037775252602807036,0.7691056910569106,0.23089430894308943,0.7658536585365854,0.8160676532769556,0.5985915492957746,0.3773839869782869,0.6770369460397407,0.8947821012868156,>=,31,>=,11,<=,54,1,0.19459812509605035,0.13125,-1,1,0,0
<=,55,>=,10,>=,41,1,0.205565749235474,779,0.023924326648444457,0.8395378690629012,0.16046213093709885,0.8125802310654685,0.845565749235474,0.64,0.874420318786278,0.6770369460397407,0.7068578974847209,<=,59,>=,10,>=,41,1,0.198195831143808,0.07272727272727272,4,0,0,0
<=,60,<=,10,>=,44,1,0.4020092226613965,401,0.012315346580264733,0.9177057356608479,0.08229426433915212,0.5810473815461347,0.6141304347826086,0.21212121212121213,0.9283805779920764,0.6770369460397407,0.7247320413992199,<=,60,<=,9,>=,40,1,0.1980731032690416,0.19090909090909092,0,-1,-4,0
<=,60,>=,1,>=,32,1,0.21607854864433806,2216,0.06805687786001659,0.7942238267148014,0.20577617328519857,0.6606498194945848,0.7051136363636363,0.48903508771929827,0.9283805779920764,0.001566290961579804,0.1694051165504745,<=,60,>=,1,>=,32,0,0.1893797587763628,1.0,0,0,0,-1
>=,32,>=,11,<=,50,0,0.30993436552244913,5468,0.16793096035134056,0.7024506217995611,0.2975493782004389,0.45373079736649596,0.5459515751106483,0.23601720958819913,0.3773839869782869,0.7194803599398053,0.8881176868032309,>=,32,>=,11,<=,50,1,0.19828463739407942,1.0,0,0,0,1
<=,50,<=,12,>=,54,1,0.2625,122,0.003746813672798747,0.9180327868852459,0.08196721311475409,0.5409836065573771,0.5625,0.3,0.8016031448665581,0.7522496237830534,0.8947821012868156,<=,50,<=,12,>=,54,0,0.1965419347044789,1.0,0,0,0,-1
>=,30,>=,10,<=,42,0,0.24540166749294026,6929,0.21280058966247967,0.6237552316351566,0.3762447683648434,0.31072304805888296,0.4030541416011106,0.15765247410817032,0.3246829028592488,0.6770369460397407,0.7135837351432696,>=,30,>=,10,<=,39,0,0.12449748221860157,0.07142857142857142,0,0,-3,0
>=,41,>=,11,>=,28,1,0.21841397849462374,748,0.022972267436503793,0.8342245989304813,0.1657754010695187,0.8596256684491979,0.8958333333333334,0.6774193548387096,0.6119590921654741,0.7194803599398053,0.12557968121372193,>=,42,>=,11,>=,31,1,0.19622308395598853,0.13153310104529617,1,0,3,0
>=,42,<=,15,>=,53,0,0.3074180197389367,1227,0.03768311784036117,0.8533007334963325,0.1466992665036675,0.4400977995110024,0.48519579751671443,0.17777777777777778,0.6359141304014004,0.9873161143699518,0.8935229262000552,>=,42,<=,15,>=,50,1,0.196521095484826,1.0566037735849056,0,0,-3,1
>=,42,>=,6,>=,57,0,0.3007860665844636,939,0.028838180645557567,0.8636847710330139,0.13631522896698617,0.4472843450479233,0.4882860665844636,0.1875,0.6359141304014004,0.08123214888977612,0.9195970639722367,>=,41,>=,6,>=,57,1,0.1952380952380952,1.0238095238095237,-1,0,0,1
>=,30,<=,16,>=,54,0,0.2483571246029718,2471,0.0758883326679156,0.8526912181303116,0.14730878186968838,0.42331040064751113,0.45989558614143333,0.21153846153846154,0.3246829028592488,1.0,0.8947821012868156,>=,30,<=,16,>=,54,1,0.19347965054336247,1.0,0,0,0,1
<=,50,>=,16,>=,38,0,0.2108843537414966,189,0.005804490034089862,0.7777777777777778,0.2222222222222222,0.6878306878306878,0.7346938775510204,0.5238095238095238,0.8016031448665581,1.0,0.23724701329811737,<=,51,>=,16,>=,38,0,0.18128654970760227,0.02,1,0,0,0
>=,26,>=,2,>=,59,0,0.23034070488135844,2093,0.06427935259973588,0.8542761586239848,0.1457238413760153,0.38365981844242714,0.4172259507829978,0.18688524590163935,0.22100058352016216,0.00672583765854857,0.9206105463591413,>=,30,>=,2,>=,59,1,0.18234064785788917,1.1538461538461537,4,0,0,1
>=,30,>=,3,>=,20,1,0.20219901712439026,2264,0.06953103405915052,0.7990282685512368,0.20097173144876326,0.6868374558303887,0.7274737423991156,0.5252747252747253,0.3246829028592488,0.01695279629004023,0.08992352814716993,>=,30,>=,3,>=,21,1,0.19469228390289162,0.05,0,0,1,0
>=,58,>=,15,>=,21,0,0.358974358974359,100,0.0030711587481956942,0.91,0.09,0.66,0.6923076923076923,0.3333333333333333,0.9078959491416111,0.9873161143699518,0.0906606062467369,>=,58,>=,13,>=,21,1,0.18695652173913047,1.1333333333333333,0,-2,0,1
>=,34,<=,10,>=,45,0,0.2495598555729473,2912,0.08943214274745862,0.8458104395604396,0.15418956043956045,0.3135302197802198,0.3520097442143727,0.10244988864142539,0.4314670925340131,0.6770369460397407,0.7807499769663094,>=,34,<=,10,>=,40,0,0.1950207700639897,0.1111111111111111,0,0,-5,0
>=,35,<=,13,>=,24,0,0.22983689725530976,13697,0.4206566137403642,0.7027816310140906,0.2972183689859093,0.2737825801270351,0.3420943278620403,0.11225743060673053,0.45837044316820735,0.9167101747489328,0.10039617947851724,>=,35,<=,12,>=,24,0,0.19507690238357223,0.07692307692307693,0,-1,0,0
<=,55,<=,13,>=,37,1,0.24129397671388342,1582,0.04858573139645588,0.8128950695322377,0.18710493046776233,0.6049304677623262,0.6500777604976672,0.40878378378378377,0.874420318786278,0.9167101747489328,0.2226282976567059,<=,55,<=,13,>=,41,1,0.1936454849498328,0.10810810810810811,0,0,4,0
>=,47,>=,8,>=,45,0,0.31460372476750714,1864,0.05724639906636774,0.8293991416309013,0.17060085836909872,0.4967811158798283,0.5504527813712807,0.2358490566037736,0.7487177912226283,0.13061638156076288,0.7807499769663094,>=,47,>=,8,>=,45,1,0.19373219373219375,1.0,0,0,0,1
>=,57,<=,13,<=,51,1,0.2216787838730998,352,0.010810478793648843,0.7585227272727273,0.24147727272727273,0.48579545454545453,0.5393258426966292,0.3176470588235294,0.8966555081232149,0.9167101747489328,0.8885169374404963,>=,57,<=,12,<=,51,1,0.1328415876361082,0.07692307692307693,0,-1,0,0
>=,39,>=,5,>=,29,0,0.28686284465606793,11357,0.348791499032585,0.7094303072994629,0.2905696927005371,0.3447213172492736,0.42807496586818916,0.1412121212121212,0.562759129019379,0.05257823776911028,0.12579466232609562,>=,37,>=,4,>=,29,1,0.19874560441228117,1.2512820512820513,-2,-1,0,1
<=,60,<=,7,>=,39,1,0.2298951048951049,101,0.003101870335677651,0.8712871287128713,0.12871287128712872,0.27722772277227725,0.3068181818181818,0.07692307692307693,0.9283805779920764,0.11731826418107552,0.23841405362243173,<=,60,<=,7,>=,37,1,0.15384615384615385,0.05128205128205128,0,0,-2,0
<=,41,>=,14,>=,42,0,0.31233153638814015,475,0.014588004053929548,0.7810526315789473,0.21894736842105264,0.6189473684210526,0.6873315363881402,0.375,0.6119590921654741,0.9696262399803446,0.7135837351432696,<=,41,>=,15,>=,42,0,0.1883751221100618,0.07142857142857142,0,1,0,0
>=,53,>=,12,<=,55,1,0.2737373737373737,238,0.007309357820705752,0.8319327731092437,0.16806722689075632,0.8277310924369747,0.8737373737373737,0.6,0.848806854826326,0.7522496237830534,0.9160959429992936,>=,51,>=,13,<=,54,1,0.19146930599740775,0.1392510005717553,-2,1,-1,0
<=,56,>=,10,>=,50,0,0.25055527356897817,3315,0.10180891250268727,0.8135746606334842,0.18642533936651584,0.4627450980392157,0.5094549499443827,0.2588996763754045,0.8856607598046743,0.6770369460397407,0.8881176868032309,<=,56,>=,10,>=,47,1,0.19926993025226525,1.06,0,0,-3,1
<=,58,>=,8,<=,49,1,0.20693083104937987,1448,0.04447037867387365,0.7113259668508287,0.2886740331491713,0.5897790055248618,0.6495145631067961,0.44258373205741625,0.9078959491416111,0.13061638156076288,0.8015417216915942,<=,54,>=,8,<=,49,1,0.19396139477619434,0.06896551724137931,-4,0,0,0
>=,30,>=,6,<=,48,0,0.20442434021375522,14868,0.4566198826817358,0.644605864944848,0.355394135055152,0.24986548291633037,0.32251669449081805,0.11809235427706283,0.3246829028592488,0.08123214888977612,0.8006510856546175,>=,29,>=,6,<=,48,0,0.19837302547130814,0.03333333333333333,-1,0,0,0
<=,55,>=,10,<=,48,1,0.23347105249218714,941,0.028899603820521483,0.691817215727949,0.30818278427205104,0.6546227417640808,0.7265745007680492,0.49310344827586206,0.874420318786278,0.6770369460397407,0.8006510856546175,<=,54,>=,9,<=,48,1,0.19631772580671297,0.1181818181818182,-1,-1,0,0
>=,47,>=,1,<=,49,1,0.23367237413749037,734,0.022542305211756396,0.7615803814713896,0.23841961852861035,0.6008174386920981,0.6565295169946332,0.4228571428571429,0.7487177912226283,0.001566290961579804,0.8015417216915942,>=,41,>=,1,<=,49,1,0.1971698556720417,0.1276595744680851,-6,0,0,0
<=,53,<=,10,>=,50,1,0.42438778086341833,250,0.007677896870489235,0.932,0.068,0.572,0.6008583690987125,0.17647058823529413,0.848806854826326,0.6770369460397407,0.8881176868032309,<=,53,<=,9,>=,50,1,0.18229166666666669,0.1,0,-1,0,0
>=,57,<=,12,>=,57,0,0.3424908424908425,131,0.004023217960136359,0.8015267175572519,0.1984732824427481,0.31297709923664124,0.38095238095238093,0.038461538461538464,0.8966555081232149,0.7522496237830534,0.9195970639722367,>=,54,<=,12,>=,55,0,0.19678506611355978,0.08771929824561403,-3,0,-2,0
>=,58,>=,9,>=,44,0,0.32211148025101516,457,0.014035195479254322,0.8468271334792122,0.15317286652078774,0.4442013129102845,0.4935400516795866,0.17142857142857143,0.9078959491416111,0.4531187617087927,0.7247320413992199,>=,58,>=,9,>=,44,1,0.10340136054421778,1.0,0,0,0,1
>=,53,>=,6,>=,32,0,0.3082006920415225,3237,0.09941340867909462,0.7142415817114612,0.28575841828853876,0.340129749768304,0.4282006920415225,0.12,0.848806854826326,0.08123214888977612,0.1694051165504745,>=,56,>=,6,>=,32,1,0.19510247537929204,1.0566037735849056,3,0,0,1
>=,34,<=,14,>=,40,0,0.24650075860670456,13427,0.4123644851202359,0.7435018991584121,0.25649810084158786,0.3174201236314888,0.3806471000701192,0.13414634146341464,0.4314670925340131,0.9696262399803446,0.7057522803353705,>=,33,<=,12,>=,40,0,0.19393583350809374,0.1722689075630252,-1,-2,0,0
<=,51,>=,2,>=,23,1,0.20752486949670046,1920,0.05896624796535733,0.7765625,0.2234375,0.6296875,0.676056338028169,0.46853146853146854,0.8198765394183225,0.00672583765854857,0.09265685943306409,<=,49,>=,2,>=,23,1,0.19528270395806846,0.0392156862745098,-2,0,0,0
>=,25,>=,7,>=,49,0,0.22082930989895347,4977,0.1528515708976997,0.8374522804902552,0.16254771950974484,0.41731967048422747,0.45321497120921306,0.2323856613102596,0.19689198734682595,0.11731826418107552,0.8015417216915942,>=,25,>=,7,>=,49,1,0.1717171717171717,1.0,0,0,0,1
>=,43,>=,10,>=,42,0,0.3427738428808635,1990,0.061116059089094316,0.807035175879397,0.192964824120603,0.5552763819095478,0.6214196762141968,0.2786458333333333,0.6595620527625073,0.6770369460397407,0.7135837351432696,>=,42,>=,10,>=,42,1,0.18915343915343918,1.0232558139534884,-1,0,0,1
>=,32,>=,2,<=,52,0,0.21482758648187217,16530,0.5076625410767482,0.6723532970356927,0.3276467029643073,0.26999395039322444,0.34038150080978946,0.1255539143279173,0.3773839869782869,0.00672583765854857,0.8927551365130063,>=,32,>=,2,<=,49,0,0.1975689994396833,0.057692307692307696,0,0,-3,0
>=,40,>=,1,>=,52,0,0.293189966614795,1503,0.04615951598538128,0.8476380572188955,0.15236194278110446,0.4537591483699268,0.49843014128728413,0.2052401746724891,0.5871441294800528,0.001566290961579804,0.8927551365130063,>=,40,>=,1,>=,50,1,0.18158685132654762,1.0384615384615385,0,0,-2,1
>=,30,<=,13,>=,28,1,0.22672364672364675,1729,0.053100334756303554,0.8120300751879699,0.18796992481203006,0.6425679583574321,0.6851851851851852,0.4584615384615385,0.3246829028592488,0.9167101747489328,0.12557968121372193,>=,30,<=,14,>=,24,1,0.19783048156478555,0.21978021978021978,0,1,-4,0
>=,47,>=,8,>=,53,1,0.21370967741935487,171,0.005251681459414637,0.9064327485380117,0.0935672514619883,0.8187134502923976,0.8387096774193549,0.625,0.7487177912226283,0.13061638156076288,0.8935229262000552,>=,49,>=,8,>=,53,1,0.18489583333333337,0.0425531914893617,2,0,0,0
<=,52,>=,1,>=,34,1,0.21865052927677842,1897,0.05825988145327232,0.7912493410648392,0.2087506589351608,0.6452293094359515,0.6908727514990006,0.4722222222222222,0.8345566782346979,0.001566290961579804,0.1714627929117656,<=,46,>=,1,>=,34,1,0.19597560013413023,0.11538461538461539,-6,0,0,0
>=,50,>=,10,<=,49,1,0.2852941176470589,338,0.010380516568901446,0.7988165680473372,0.20118343195266272,0.742603550295858,0.8,0.5147058823529411,0.8016031448665581,0.6770369460397407,0.8015417216915942,>=,50,>=,13,<=,49,1,0.18540433925049316,0.3,0,3,0,0
>=,34,<=,14,>=,20,1,0.21140244067429714,1836,0.05638647461687295,0.7924836601307189,0.20751633986928106,0.6688453159041394,0.7127147766323024,0.5013123359580053,0.4314670925340131,0.9696262399803446,0.08992352814716993,>=,37,<=,14,>=,21,1,0.19853896831443552,0.13823529411764707,3,0,1,0
>=,56,<=,14,<=,59,1,0.2305304566967853,421,0.012929578329903872,0.7577197149643705,0.24228028503562946,0.517814726840855,0.5736677115987461,0.3431372549019608,0.8856607598046743,0.9696262399803446,0.9206105463591413,>=,56,<=,12,<=,59,1,0.13333333333333336,0.14285714285714285,0,-2,0,0
<=,57,>=,3,<=,54,1,0.21150629637332413,1889,0.058014188753416664,0.7421916357861302,0.25780836421386977,0.6066701958708312,0.6611982881597718,0.44969199178644764,0.8966555081232149,0.01695279629004023,0.8947821012868156,<=,53,>=,3,<=,54,1,0.19807074171092715,0.07017543859649122,-4,0,0,0
>=,54,>=,5,<=,41,1,0.2685915492957746,384,0.011793249593071466,0.7395833333333334,0.2604166666666667,0.5286458333333334,0.5985915492957746,0.33,0.8615521636313381,0.05257823776911028,0.7068578974847209,>=,54,>=,5,<=,39,1,0.18514851485148515,0.04878048780487805,0,0,-2,0
<=,54,<=,13,>=,60,1,0.2774193548387096,170,0.00522096987193268,0.9117647058823529,0.08823529411764706,0.6529411764705882,0.6774193548387096,0.4,0.8615521636313381,0.9167101747489328,0.9659101378950278,<=,54,<=,13,>=,61,0,0.19480722720159344,1.0166666666666666,0,0,1,-1
>=,35,>=,10,>=,60,0,0.3106481481481482,935,0.02871533429562974,0.8556149732620321,0.1443850267379679,0.5176470588235295,0.5625,0.2518518518518518,0.45837044316820735,0.6770369460397407,0.9659101378950278,>=,35,>=,11,>=,60,1,0.12633181126331805,1.1,0,1,0,1
<=,45,>=,11,<=,53,0,0.22123903345644758,5642,0.17327477657320106,0.629918468628146,0.37008153137185396,0.3021978021978022,0.38407428249859316,0.16283524904214558,0.7043395473112005,0.7194803599398053,0.8935229262000552,<=,43,>=,11,<=,53,0,0.19800204394641982,0.044444444444444446,-2,0,0,0
>=,59,>=,6,<=,41,0,0.21116539580429955,1809,0.05555726175486011,0.6390270867882808,0.3609729132117192,0.2023217247097844,0.27854671280276816,0.06738131699846861,0.9187985626977059,0.08123214888977612,0.7068578974847209,>=,60,>=,6,<=,41,0,0.19908372987749315,0.01694915254237288,1,0,0,0
>=,56,>=,10,<=,40,1,0.3414677276746242,184,0.005650932096680077,0.7880434782608695,0.21195652173913043,0.6793478260869565,0.7517241379310344,0.41025641025641024,0.8856607598046743,0.6770369460397407,0.7057522803353705,>=,56,>=,9,<=,39,1,0.12720306513409962,0.125,0,-1,-1,0
>=,45,>=,10,>=,43,0,0.36173470382867506,1614,0.04956850219587851,0.8042131350681536,0.19578686493184635,0.5693928128872366,0.6402157164869029,0.27848101265822783,0.7043395473112005,0.6770369460397407,0.7182211848530451,>=,45,>=,10,>=,43,1,0.19285714285714295,1.0,0,0,0,1
>=,40,>=,16,<=,41,0,0.30706287683031874,113,0.0034704093854611346,0.7610619469026548,0.23893805309734514,0.7522123893805309,0.8255813953488372,0.5185185185185185,0.5871441294800528,1.0,0.7068578974847209,>=,40,>=,14,<=,41,1,0.148962148962149,1.125,0,-2,0,1
>=,51,>=,9,>=,40,0,0.32365682299287113,3303,0.10144037345290378,0.7481077808053285,0.25189221919467153,0.3923705722070845,0.47389720760825577,0.1502403846153846,0.8198765394183225,0.4531187617087927,0.7057522803353705,>=,51,>=,9,>=,41,1,0.11695278969957079,1.025,0,0,1,1
<=,50,>=,6,>=,59,0,0.2162211695708566,1818,0.05583366604219772,0.8481848184818482,0.15181518151815182,0.3536853685368537,0.3865110246433204,0.17028985507246377,0.8016031448665581,0.08123214888977612,0.9206105463591413,<=,51,>=,6,>=,61,0,0.19953094822036238,0.05389830508474576,1,0,2,0
>=,43,>=,3,>=,45,1,0.22848420805447933,552,0.01695279629004023,0.907608695652174,0.09239130434782608,0.8152173913043478,0.8363273453093812,0.6078431372549019,0.6595620527625073,0.01695279629004023,0.7807499769663094,>=,43,>=,3,>=,46,1,0.1761838049873915,0.022222222222222223,0,0,1,0
<=,45,>=,12,>=,24,0,0.2691588499916839,5253,0.16132796904271982,0.6704740148486579,0.32952598515134207,0.3641728536074624,0.45286768881317435,0.18370883882149047,0.7043395473112005,0.7522496237830534,0.10039617947851724,<=,43,>=,10,>=,24,0,0.19380897148528484,0.2111111111111111,-2,-2,0,0
>=,41,>=,10,>=,47,0,0.3085008032146894,1749,0.05371456650594269,0.8273299028016009,0.1726700971983991,0.5631789594053745,0.6164478230822391,0.3079470198675497,0.6119590921654741,0.6770369460397407,0.7847731949264457,>=,42,>=,10,>=,47,1,0.1917203698514991,1.024390243902439,1,0,0,1
>=,28,>=,10,<=,44,1,0.22276422764227644,861,0.02644267682196493,0.7142857142857143,0.2857142857142857,0.6957026713124274,0.759349593495935,0.5365853658536586,0.2732717054144529,0.6770369460397407,0.7247320413992199,>=,28,>=,9,<=,44,1,0.18209465825050636,0.1,0,-1,0,0
>=,25,>=,9,<=,59,1,0.2096302765353822,2098,0.06443291053714567,0.7645376549094376,0.23546234509056244,0.6582459485224023,0.7076059850374065,0.4979757085020243,0.19689198734682595,0.4531187617087927,0.9206105463591413,>=,23,>=,9,<=,59,0,0.199467769343893,1.08,-2,0,0,-1
>=,27,>=,8,>=,54,1,0.23027660444202214,399,0.01225392340530082,0.8972431077694235,0.10275689223057644,0.7919799498746867,0.8156424581005587,0.5853658536585366,0.2466447590675962,0.13061638156076288,0.8947821012868156,>=,27,>=,8,>=,50,1,0.15719814241486074,0.07407407407407407,0,0,-4,0
<=,46,>=,10,>=,53,0,0.2596832840588575,1409,0.04327262676207733,0.8190205819730305,0.18097941802696949,0.41660752306600424,0.46360485268630847,0.20392156862745098,0.7269739872854027,0.6770369460397407,0.8935229262000552,<=,46,>=,9,>=,50,0,0.1942674407627679,0.15660377358490568,0,-1,-3,0
>=,46,>=,9,>=,54,0,0.3017828705533005,802,0.024630693160529467,0.8466334164588528,0.15336658354114713,0.4912718204488778,0.5375552282768777,0.23577235772357724,0.7269739872854027,0.4531187617087927,0.8947821012868156,>=,47,>=,9,>=,56,1,0.18283093053735255,1.0587761674718197,1,0,2,1
<=,59,<=,12,>=,25,1,0.22160399218415183,1271,0.039034427689567275,0.7820613690007868,0.2179386309992132,0.5090479937057435,0.5573440643863179,0.33574007220216606,0.9187985626977059,0.7522496237830534,0.12109578944135622,<=,59,<=,9,>=,25,1,0.16764824526018557,0.25,0,-3,0,0
>=,25,>=,8,<=,51,1,0.20198449407515084,1987,0.061023924326648445,0.7569199798691495,0.24308002013085053,0.6477101157523906,0.6968085106382979,0.494824016563147,0.19689198734682595,0.13061638156076288,0.8885169374404963,>=,25,>=,8,<=,49,1,0.18969637956979724,0.0392156862745098,0,0,-2,0
>=,28,>=,5,<=,54,0,0.20636275148442784,18589,0.5708976997020976,0.666630803163161,0.33336919683683897,0.2611759642799505,0.3299709489993544,0.12360819751492658,0.2732717054144529,0.05257823776911028,0.8947821012868156,>=,26,>=,5,<=,54,0,0.19632980360330765,0.07142857142857142,-2,0,0,0
>=,45,<=,12,>=,43,1,0.31649484536082473,209,0.006418721783729001,0.9282296650717703,0.07177033492822966,0.69377990430622,0.7164948453608248,0.4,0.7043395473112005,0.7522496237830534,0.7182211848530451,>=,49,<=,12,>=,42,1,0.19798657718120805,0.11214470284237726,4,0,-1,0
<=,56,>=,13,>=,23,1,0.20379201185424656,937,0.028776757470593654,0.7844183564567769,0.21558164354322304,0.8281750266808965,0.8721088435374149,0.6683168316831684,0.8856607598046743,0.9167101747489328,0.09265685943306409,<=,54,>=,13,>=,23,1,0.19708537753650535,0.03571428571428571,-2,0,0,0
<=,54,<=,15,>=,30,1,0.21386792245230285,2002,0.0614845981388778,0.7827172827172827,0.21728271728271728,0.6363636363636364,0.6828334396936822,0.4689655172413793,0.8615521636313381,0.9873161143699518,0.16108227634286415,<=,54,<=,15,>=,30,0,0.17611909949773463,1.0,0,0,0,-1
>=,48,<=,10,>=,29,0,0.2242636027469625,4262,0.1308927858481005,0.7038948850305021,0.2961051149694979,0.2339277334584702,0.30033333333333334,0.07606973058637084,0.7653941832253309,0.6770369460397407,0.12579466232609562,>=,48,<=,9,>=,29,0,0.19651010541865305,0.1,0,-1,0,0
>=,54,<=,16,<=,57,0,0.23767492793395745,4028,0.12370627437732257,0.6804865938430983,0.3195134061569017,0.24875868917576963,0.3246990149580445,0.08702408702408702,0.8615521636313381,1.0,0.9195970639722367,>=,58,<=,15,<=,57,0,0.19621685530299587,0.13657407407407407,4,-1,0,0
>=,41,<=,13,<=,49,0,0.21374356701442188,8574,0.2633211510702988,0.6488220200606485,0.3511779799393515,0.23466293445299743,0.30972496854215353,0.09598140152773164,0.6119590921654741,0.9167101747489328,0.8015417216915942,>=,41,<=,12,<=,49,0,0.1830034142867471,0.07692307692307693,0,-1,0,0
<=,57,<=,12,>=,49,1,0.23979591836734698,322,0.009889131169190135,0.9130434782608695,0.08695652173913043,0.6118012422360248,0.6326530612244898,0.39285714285714285,0.8966555081232149,0.7522496237830534,0.8015417216915942,<=,58,<=,13,>=,49,1,0.19569067296340026,0.10087719298245613,1,1,0,0
>=,52,<=,13,>=,53,0,0.2813020884400431,391,0.012008230705445164,0.8414322250639387,0.1585677749360614,0.3657289002557545,0.41033434650455924,0.12903225806451613,0.8345566782346979,0.9167101747489328,0.8935229262000552,>=,52,<=,12,>=,50,0,0.1843475597304472,0.13352685050798258,0,-1,-3,0
>=,34,<=,12,>=,60,1,0.31615120274914094,106,0.003255428273087436,0.9150943396226415,0.08490566037735849,0.6226415094339622,0.6494845360824743,0.3333333333333333,0.4314670925340131,0.7522496237830534,0.9659101378950278,>=,34,<=,14,>=,60,1,0.19296933433059094,0.16666666666666666,0,2,0,0
>=,26,<=,15,>=,30,1,0.20385002904116734,2291,0.07036024692116336,0.7987778262767351,0.20122217372326495,0.6660846791793976,0.7071038251366121,0.5032537960954447,0.22100058352016216,0.9873161143699518,0.16108227634286415,>=,30,<=,16,>=,30,1,0.19741262182662378,0.2205128205128205,4,1,0,0
<=,51,>=,3,>=,34,1,0.22174138428249685,1842,0.05657074414176469,0.7888165038002172,0.21118349619978286,0.6427795874049945,0.6896077081899519,0.46786632390745503,0.8198765394183225,0.01695279629004023,0.1714627929117656,<=,46,>=,3,>=,34,1,0.1951867819647869,0.09803921568627451,-5,0,0,0
>=,26,>=,11,>=,60,1,0.21385474860335185,204,0.006265163846319216,0.8774509803921569,0.12254901960784313,0.8676470588235294,0.8938547486033519,0.68,0.22100058352016216,0.7194803599398053,0.9659101378950278,>=,26,>=,11,>=,56,1,0.19719507012324688,0.06666666666666667,0,0,-4,0
>=,52,>=,2,<=,41,0,0.2124872857453773,3844,0.11805534228064249,0.646462018730489,0.3535379812695109,0.2190426638917794,0.2941649899396378,0.08167770419426049,0.8345566782346979,0.00672583765854857,0.7068578974847209,>=,52,>=,2,<=,39,0,0.12841108857336037,0.04878048780487805,0,0,-2,0
<=,41,<=,14,>=,59,1,0.246969696969697,122,0.003746813672798747,0.9016393442622951,0.09836065573770492,0.639344262295082,0.6636363636363637,0.4166666666666667,0.6119590921654741,0.9696262399803446,0.9206105463591413,<=,41,<=,14,>=,59,0,0.18952629682997119,1.0,0,0,0,-1
>=,33,<=,12,>=,52,0,0.24540537218022007,1480,0.045453149473296275,0.8621621621621621,0.13783783783783785,0.32432432432432434,0.35815047021943575,0.11274509803921569,0.40425662602499923,0.7522496237830534,0.8927551365130063,>=,33,<=,13,>=,50,1,0.195158002038736,1.1217948717948718,0,1,-2,1
>=,26,<=,10,>=,60,0,0.22657919211723598,1217,0.0373760019655416,0.8775677896466721,0.12243221035332785,0.27937551355792933,0.30711610486891383,0.08053691275167785,0.22100058352016216,0.6770369460397407,0.9659101378950278,>=,26,<=,10,>=,62,0,0.1996988566761944,0.03333333333333333,0,0,2,0
>=,49,>=,12,>=,31,0,0.3761378955180927,1473,0.04523816836092258,0.7596741344195519,0.24032586558044808,0.5682281059063137,0.6586237712243074,0.2824858757062147,0.7831147692024201,0.7522496237830534,0.16123583428027394,>=,48,>=,12,>=,31,1,0.18489852081183356,1.0204081632653061,-1,0,0,1
>=,31,>=,12,<=,47,0,0.3010568378989432,3977,0.12213998341574275,0.6831782750817199,0.3168217249182801,0.4342469197887855,0.5296282664703718,0.22857142857142856,0.35195479254322654,0.7522496237830534,0.7847731949264457,>=,30,>=,12,<=,47,1,0.19697073915615415,1.032258064516129,-1,0,0,1
>=,30,>=,6,>=,35,1,0.21323666542334951,2063,0.06335800497527717,0.814348036839554,0.18565196316044597,0.7193407658749394,0.7589285714285714,0.5456919060052219,0.3246829028592488,0.08123214888977612,0.21129572187586376,>=,30,>=,6,>=,41,1,0.1463765797472405,0.17142857142857143,0,0,6,0
>=,37,>=,12,>=,32,0,0.36771967941372286,4008,0.12309204262768343,0.7592315369261478,0.2407684630738523,0.5496506986027944,0.6381860006572462,0.2704663212435233,0.5122999907865238,0.7522496237830534,0.1694051165504745,>=,37,>=,12,>=,33,1,0.19935740514075884,1.03125,0,0,1,1
>=,43,>=,5,<=,40,1,0.22615946731622322,768,0.02358649918614293,0.7434895833333334,0.2565104166666667,0.625,0.6830122591943958,0.45685279187817257,0.6595620527625073,0.05257823776911028,0.7057522803353705,>=,43,>=,5,<=,39,1,0.09191176470588236,0.025,0,0,-1,0
>=,48,>=,9,>=,58,0,0.2995908752789487,510,0.01566290961579804,0.8549019607843137,0.1450980392156863,0.4588235294117647,0.5022935779816514,0.20270270270270271,0.7653941832253309,0.4531187617087927,0.9204569884217315,>=,47,>=,9,>=,58,1,0.19047619047619047,1.0208333333333333,-1,0,0,1
>=,49,>=,14,<=,47,0,0.3868309891844219,463,0.014219465004146064,0.7213822894168467,0.2786177105831533,0.5658747300215983,0.6736526946107785,0.2868217054263566,0.7831147692024201,0.9696262399803446,0.7847731949264457,>=,49,>=,14,<=,47,1,0.11022727272727273,1.0,0,0,0,1
<=,56,<=,12,>=,54,0,0.20238848227463027,1833,0.056294339854427076,0.8625204582651391,0.13747954173486088,0.2618657937806874,0.28969006957621757,0.0873015873015873,0.8856607598046743,0.7522496237830534,0.8947821012868156,<=,56,<=,12,>=,50,0,0.18738357145407003,0.07407407407407407,0,0,-4,0
<=,49,>=,5,>=,40,1,0.21382479807058985,1585,0.04867786615890175,0.7987381703470031,0.20126182965299685,0.6410094637223974,0.684044233807267,0.4702194357366771,0.7831147692024201,0.05257823776911028,0.7057522803353705,<=,49,>=,5,>=,41,1,0.1564102564102564,0.025,0,0,1,0
<=,50,<=,13,>=,60,0,0.22317445667699476,1610,0.049445655845950676,0.8565217391304348,0.14347826086956522,0.2993788819875776,0.331399564902103,0.10822510822510822,0.8016031448665581,0.9167101747489328,0.9659101378950278,<=,50,<=,13,>=,61,0,0.18890735746095466,0.016666666666666666,0,0,1,0
>=,37,>=,9,>=,39,0,0.29974397907605616,10477,0.3217653020484629,0.7425789825331679,0.2574210174668321,0.38016607807578506,0.45732647814910027,0.1575824990730441,0.5122999907865238,0.4531187617087927,0.23841405362243173,>=,37,>=,9,>=,41,1,0.16980407222435645,1.0512820512820513,0,0,2,1
>=,58,>=,2,<=,42,1,0.21520146520146516,318,0.009766284819262307,0.7358490566037735,0.2641509433962264,0.4559748427672956,0.5128205128205128,0.2976190476190476,0.9078959491416111,0.00672583765854857,0.7135837351432696,>=,58,>=,2,<=,39,1,0.1497326203208556,0.07142857142857142,0,0,-3,0
<=,56,>=,9,>=,56,1,0.2506105006105006,262,0.008046435920272718,0.8931297709923665,0.10687022900763359,0.7595419847328244,0.7863247863247863,0.5357142857142857,0.8856607598046743,0.4531187617087927,0.9190749669850434,<=,56,>=,9,>=,50,1,0.17880155237405526,0.10714285714285714,0,0,-6,0
>=,50,>=,12,<=,49,0,0.3244681674015626,1144,0.03513405607935874,0.7290209790209791,0.270979020979021,0.47202797202797203,0.5599520383693045,0.23548387096774193,0.8016031448665581,0.7522496237830534,0.8015417216915942,>=,50,>=,13,<=,49,1,0.18540433925049316,1.0833333333333333,0,1,0,1
>=,30,>=,2,>=,31,0,0.23521414776102118,18183,0.5584287951844231,0.7181433206841555,0.28185667931584446,0.3016003959742617,0.3678970745902895,0.1326829268292683,0.3246829028592488,0.00672583765854857,0.16123583428027394,>=,30,>=,2,>=,30,1,0.19613491471987043,1.032258064516129,0,0,-1,1
<=,45,<=,11,>=,44,1,0.26924904942965777,295,0.009059918307177298,0.8915254237288136,0.10847457627118644,0.5525423728813559,0.5817490494296578,0.3125,0.7043395473112005,0.7194803599398053,0.7247320413992199,<=,45,<=,11,>=,40,1,0.1971587704455725,0.09090909090909091,0,0,-4,0
<=,50,<=,13,>=,46,1,0.2185374149659864,497,0.0152636589785326,0.8873239436619719,0.11267605633802817,0.676056338028169,0.7006802721088435,0.48214285714285715,0.8016031448665581,0.9167101747489328,0.7832683271398299,<=,50,<=,13,>=,45,1,0.19051833696441534,0.021739130434782608,0,0,-1,0
>=,44,>=,9,>=,55,1,0.244559585492228,213,0.006541568133656829,0.9061032863849765,0.09389671361502347,0.8215962441314554,0.844559585492228,0.6,0.6817972420994441,0.4531187617087927,0.9160959429992936,>=,47,>=,9,>=,56,1,0.18283093053735255,0.08636363636363636,3,0,1,0
<=,55,>=,11,>=,48,0,0.2586612294577468,2343,0.07195724947022511,0.8032437046521553,0.19675629534784464,0.528809218950064,0.5797024442082891,0.3210412147505423,0.874420318786278,0.7194803599398053,0.8006510856546175,<=,55,>=,11,>=,48,1,0.17290640394088674,1.0,0,0,0,1
>=,37,>=,13,>=,49,0,0.31524774206681094,1282,0.0393722551518688,0.8354134165366615,0.16458658346333854,0.6614664586583463,0.7133520074696545,0.3981042654028436,0.5122999907865238,0.9167101747489328,0.8015417216915942,>=,37,>=,15,>=,49,0,0.0673738532110092,0.15384615384615385,0,2,0,0
>=,39,<=,13,>=,24,0,0.249215579475416,10913,0.3351555541905961,0.7000824704480895,0.2999175295519106,0.2832401722716027,0.3579842931937173,0.10876871371830125,0.562759129019379,0.9167101747489328,0.10039617947851724,>=,35,<=,12,>=,24,0,0.19507690238357223,0.1794871794871795,-4,-1,0,0
<=,50,<=,15,<=,59,1,0.20328762028729486,1664,0.05110408156997635,0.7361778846153846,0.26382211538461536,0.5847355769230769,0.6383673469387755,0.43507972665148065,0.8016031448665581,0.9873161143699518,0.9206105463591413,<=,49,<=,15,<=,59,1,0.1967635878955422,0.02,-1,0,0,0
<=,55,>=,10,<=,59,1,0.2482756537107812,1308,0.04017075642639968,0.7377675840978594,0.2622324159021407,0.7079510703363915,0.7730569948186529,0.5247813411078717,0.874420318786278,0.6770369460397407,0.9206105463591413,<=,54,>=,11,<=,59,1,0.1973314086905027,0.1181818181818182,-1,1,0,0
<=,57,<=,12,>=,32,1,0.2258675775806397,1186,0.03642394275360093,0.7875210792580101,0.21247892074198987,0.515177065767285,0.563169164882227,0.3373015873015873,0.8966555081232149,0.7522496237830534,0.1694051165504745,<=,57,<=,9,>=,32,1,0.18320779796189635,0.25,0,-3,0,0
>=,57,<=,13,>=,23,1,0.2518570696721312,317,0.009735573231780351,0.807570977917981,0.19242902208201892,0.580441640378549,0.62890625,0.3770491803278688,0.8966555081232149,0.9167101747489328,0.09265685943306409,>=,57,<=,12,>=,23,1,0.18211648892534865,0.07692307692307693,0,-1,0,0
>=,46,<=,13,<=,50,0,0.23720872946334193,6789,0.20850096741500568,0.6653409927824422,0.3346590072175578,0.24937398733244956,0.3287580252379898,0.09154929577464789,0.7269739872854027,0.9167101747489328,0.8881176868032309,>=,46,<=,12,<=,49,0,0.19534433217574973,0.09692307692307693,0,-1,-1,0
<=,49,<=,13,>=,24,1,0.20745187428767703,1475,0.04529959153588649,0.7708474576271186,0.22915254237288135,0.559322033898305,0.6068601583113457,0.3994082840236686,0.7831147692024201,0.9167101747489328,0.10039617947851724,<=,49,<=,12,>=,24,1,0.18953422508823142,0.07692307692307693,0,-1,0,0
>=,44,<=,12,>=,34,1,0.2555898832277321,620,0.019041184238813305,0.817741935483871,0.18225806451612903,0.5983870967741935,0.6449704142011834,0.3893805309734513,0.6817972420994441,0.7522496237830534,0.1714627929117656,>=,40,<=,11,>=,34,1,0.19291542288557212,0.17424242424242425,-4,-1,0,0
<=,57,>=,12,>=,48,0,0.2693317486899682,2158,0.06627560578606308,0.8016682113067656,0.19833178869323448,0.5523632993512512,0.6057803468208093,0.3364485981308411,0.8966555081232149,0.7522496237830534,0.8006510856546175,<=,57,>=,15,>=,48,0,0.13574064312071688,0.25,0,3,0,0
<=,56,<=,15,<=,60,1,0.2220442310782581,2076,0.06375725561254261,0.7552986512524085,0.24470134874759153,0.6184971098265896,0.6728316326530612,0.4507874015748031,0.8856607598046743,0.9873161143699518,0.9659101378950278,<=,56,<=,15,<=,60,0,0.16636736541710706,1.0,0,0,0,-1
>=,38,>=,9,>=,58,0,0.30420277628652503,1159,0.035594729891588094,0.8654012079378774,0.13459879206212252,0.455565142364107,0.4965104685942173,0.19230769230769232,0.5376984736341022,0.4531187617087927,0.9204569884217315,>=,39,>=,9,>=,56,1,0.19865481623828973,1.0607985480943738,1,0,-2,1
<=,51,>=,1,<=,55,1,0.20930592213790833,1747,0.05365314333097878,0.7435603892386949,0.2564396107613051,0.5975958786491128,0.651270207852194,0.4419642857142857,0.8198765394183225,0.001566290961579804,0.9160959429992936,<=,50,>=,1,<=,54,1,0.19886987052885668,0.03778966131907308,-1,0,-1,0
>=,26,>=,10,<=,55,1,0.2256594500435486,1470,0.04514603359847671,0.7673469387755102,0.23265306122448978,0.7462585034013606,0.7987588652482269,0.5730994152046783,0.22100058352016216,0.6770369460397407,0.9160959429992936,>=,26,>=,9,<=,53,1,0.1994993742177723,0.13636363636363635,0,-1,-2,0
>=,25,<=,12,>=,44,1,0.2594268476621418,493,0.015140812628604772,0.896551724137931,0.10344827586206896,0.6247464503042597,0.6515837104072398,0.39215686274509803,0.19689198734682595,0.7522496237830534,0.7247320413992199,>=,25,<=,14,>=,44,1,0.18481122141997597,0.16666666666666666,0,2,0,0
<=,44,>=,16,>=,25,0,0.21709816612729238,139,0.004268910659992015,0.7410071942446043,0.2589928057553957,0.6330935251798561,0.6893203883495146,0.4722222222222222,0.6817972420994441,1.0,0.12109578944135622,<=,43,>=,16,>=,25,0,0.19849624060150378,0.022727272727272728,-1,0,0,0
<=,59,<=,14,>=,38,1,0.2261010861807834,1898,0.05829059304075428,0.8066385669125395,0.19336143308746048,0.6401475237091675,0.6838667537557153,0.45776566757493187,0.9187985626977059,0.9696262399803446,0.23724701329811737,<=,59,<=,14,>=,41,1,0.16632328872629243,0.07894736842105263,0,0,3,0
>=,58,<=,15,>=,21,0,0.23049942302536747,2231,0.06851755167224594,0.7077543702375616,0.29224562976243834,0.2505602868668758,0.31792273590880304,0.08742331288343558,0.9078959491416111,0.9873161143699518,0.0906606062467369,>=,62,<=,15,>=,20,0,0.1946606334841629,0.11658456486042693,4,0,-1,0
>=,41,<=,11,>=,55,0,0.2767472411981083,802,0.024630693160529467,0.8628428927680798,0.1371571072319202,0.3478802992518703,0.38583815028901736,0.10909090909090909,0.6119590921654741,0.7194803599398053,0.9160959429992936,>=,41,<=,8,>=,55,0,0.1473684210526316,0.2727272727272727,0,-3,0,0
>=,28,>=,15,>=,36,0,0.2714372902044553,635,0.01950185805104266,0.8220472440944881,0.17795275590551182,0.7275590551181103,0.7758620689655172,0.504424778761062,0.2732717054144529,0.9873161143699518,0.2180522711218943,>=,29,>=,16,>=,35,0,0.198196898665705,0.13015873015873014,1,1,-1,0
>=,50,>=,7,>=,41,0,0.32135954135954137,1471,0.04517674518595866,0.8300475866757308,0.1699524133242692,0.486743711760707,0.5413595413595413,0.22,0.8016031448665581,0.11731826418107552,0.7068578974847209,>=,50,>=,7,>=,41,1,0.1398326572008114,1.0,0,0,0,1
<=,52,<=,13,>=,54,0,0.21996410167332525,2261,0.06943889929670465,0.8487394957983193,0.15126050420168066,0.31534719150818225,0.34861907243355916,0.1286549707602339,0.8345566782346979,0.9167101747489328,0.8947821012868156,<=,51,<=,13,>=,50,0,0.19720020230729124,0.0933048433048433,-1,0,-4,0
<=,46,>=,12,>=,23,1,0.20205342103152324,730,0.022419458861828567,0.7506849315068493,0.2493150684931507,0.7890410958904109,0.8394160583941606,0.6373626373626373,0.7269739872854027,0.7522496237830534,0.09265685943306409,<=,45,>=,12,>=,23,1,0.1952670723461798,0.021739130434782608,-1,0,0,0
>=,32,<=,9,>=,58,0,0.2234477850916207,661,0.020300359325573537,0.8835098335854765,0.11649016641452345,0.2753403933434191,0.3013698630136986,0.07792207792207792,0.3773839869782869,0.4531187617087927,0.9204569884217315,>=,32,<=,9,>=,61,0,0.1942285356919503,0.05172413793103448,0,0,3,0
>=,42,>=,7,>=,53,1,0.2154882154882155,238,0.007309357820705752,0.907563025210084,0.09243697478991597,0.8319327731092437,0.8518518518518519,0.6363636363636364,0.6359141304014004,0.11731826418107552,0.8935229262000552,>=,42,>=,7,>=,50,1,0.19190974133186567,0.05660377358490566,0,0,-3,0
<=,49,>=,12,>=,56,0,0.3048373195432019,682,0.020945302662694634,0.8005865102639296,0.19941348973607037,0.5234604105571847,0.5842490842490843,0.27941176470588236,0.7831147692024201,0.7522496237830534,0.9190749669850434,<=,49,>=,15,>=,56,0,0.1681553398058252,0.25,0,3,0,0
<=,53,>=,11,<=,54,0,0.2565084884233797,6871,0.21101931758852616,0.6453209139863193,0.3546790860136807,0.3436181050793189,0.434596301308074,0.1780878128846943,0.848806854826326,0.7194803599398053,0.8947821012868156,<=,53,>=,9,<=,54,0,0.16671416112096216,0.18181818181818182,0,-2,0,0
<=,56,>=,14,>=,51,1,0.28497706422018354,125,0.0038389484352446177,0.872,0.128,0.936,0.9724770642201835,0.6875,0.8856607598046743,0.9696262399803446,0.8885169374404963,<=,56,>=,14,>=,50,1,0.16155941436840315,0.0196078431372549,0,0,-1,0
>=,45,<=,14,<=,41,1,0.2059774575018477,668,0.020515340437947237,0.7365269461077845,0.2634730538922156,0.5778443113772455,0.6321138211382114,0.42613636363636365,0.7043395473112005,0.9696262399803446,0.7068578974847209,>=,45,<=,14,<=,39,1,0.0492424242424242,0.04878048780487805,0,0,-2,0
>=,25,>=,13,<=,53,0,0.2909149307718116,5448,0.1673167286017014,0.6954845814977973,0.30451541850220265,0.43740822320117473,0.5259963050936922,0.23508137432188064,0.19689198734682595,0.9167101747489328,0.8935229262000552,>=,25,>=,13,<=,53,1,0.17972779151026885,1.0,0,0,0,1
>=,38,>=,10,>=,40,0,0.343914492587059,6202,0.19047326556309696,0.744920993227991,0.255079006772009,0.4616252821670429,0.5493506493506494,0.2054361567635904,0.5376984736341022,0.6770369460397407,0.7057522803353705,>=,38,>=,10,>=,41,1,0.1962264150943397,1.025,0,0,1,1
<=,38,>=,11,>=,35,0,0.21278726416643912,4037,0.12398267866466017,0.6487490710923953,0.3512509289076047,0.28684666831805794,0.36158839251622754,0.14880112834978843,0.5376984736341022,0.7194803599398053,0.21129572187586376,<=,37,>=,11,>=,35,0,0.1975289171049563,0.02631578947368421,-1,0,0,0
>=,36,>=,10,>=,45,0,0.31585591271809205,3042,0.09342464912011302,0.8221564760026299,0.17784352399737016,0.5535831689677844,0.6097560975609756,0.29390018484288355,0.4859494487270047,0.6770369460397407,0.7807499769663094,>=,36,>=,10,>=,46,1,0.17994031830238733,1.0222222222222221,0,0,1,1
>=,37,<=,15,<=,54,1,0.20077509257502701,1512,0.046435920272718895,0.7691798941798942,0.23082010582010581,0.6587301587301587,0.705073086844368,0.504297994269341,0.5122999907865238,0.9873161143699518,0.8947821012868156,>=,37,<=,14,<=,54,1,0.19776719688305222,0.06666666666666667,0,-1,0,0
<=,59,<=,13,>=,24,1,0.22776208604527404,1828,0.05614078191701729,0.7861050328227571,0.21389496717724288,0.5908096280087527,0.639526791927627,0.4117647058823529,0.9187985626977059,0.9167101747489328,0.10039617947851724,<=,59,<=,13,>=,24,0,0.16238760459065774,1.0,0,0,0,-1
>=,25,<=,15,>=,29,1,0.20806697021974607,2336,0.07174226835785141,0.7966609589041096,0.2033390410958904,0.6583904109589042,0.7006985491671145,0.4926315789473684,0.19689198734682595,0.9873161143699518,0.12579466232609562,>=,24,<=,15,>=,29,0,0.1994247969538527,1.04,-1,0,0,-1
<=,53,<=,11,>=,55,0,0.21305961943937807,1631,0.05009059918307177,0.8657265481299816,0.1342734518700184,0.2575107296137339,0.28611898016997167,0.0730593607305936,0.848806854826326,0.7194803599398053,0.9160959429992936,<=,50,<=,11,>=,54,0,0.19790619391897224,0.07478559176672384,-3,0,-1,0
>=,27,>=,13,>=,43,0,0.2987349778621126,2618,0.08040293602776327,0.8051948051948052,0.19480519480519481,0.5974025974025974,0.6555977229601518,0.3568627450980392,0.2466447590675962,0.9167101747489328,0.7182211848530451,>=,27,>=,15,>=,43,0,0.14915966386554624,0.15384615384615385,0,2,0,0
>=,46,>=,8,<=,45,0,0.2829916333304325,5515,0.16937440496299253,0.6476881233000906,0.3523118766999093,0.30063463281958297,0.40033594624860025,0.11734431291816778,0.7269739872854027,0.13061638156076288,0.7807499769663094,>=,46,>=,8,<=,39,0,0.1492286279393451,0.13333333333333333,0,0,-6,0
>=,55,>=,7,<=,42,0,0.23902025657243875,2530,0.07770031632935107,0.6371541501976284,0.36284584980237156,0.2339920948616601,0.3207196029776675,0.08169934640522876,0.874420318786278,0.11731826418107552,0.7135837351432696,>=,55,>=,7,<=,39,0,0.15024866968162548,0.07142857142857142,0,0,-3,0
<=,60,<=,15,>=,58,1,0.27142857142857146,271,0.008322840207610331,0.9040590405904059,0.0959409594095941,0.7453874538745388,0.7714285714285715,0.5,0.9283805779920764,0.9873161143699518,0.9204569884217315,<=,63,<=,14,>=,58,1,0.19907407407407407,0.11666666666666667,3,-1,0,0
>=,57,>=,10,>=,24,0,0.3374288019555996,1131,0.0347348054420933,0.7329796640141468,0.26702033598585323,0.39964633068081346,0.4897466827503016,0.152317880794702,0.8966555081232149,0.6770369460397407,0.10039617947851724,>=,57,>=,11,>=,26,1,0.19333333333333336,1.1833333333333333,0,1,2,1
>=,33,<=,14,>=,40,0,0.24027397033197878,14093,0.43281840238321917,0.7434187185127368,0.25658128148726317,0.3116440786205918,0.37329388183640355,0.13301991150442477,0.40425662602499923,0.9696262399803446,0.7057522803353705,>=,33,<=,12,>=,40,0,0.19393583350809374,0.14285714285714285,0,-2,0,0
>=,35,>=,11,<=,46,0,0.3089720502047293,3887,0.11937594054236664,0.6794443015178802,0.3205556984821199,0.431438127090301,0.5304808784551306,0.22150882825040127,0.45837044316820735,0.7194803599398053,0.7832683271398299,>=,34,>=,12,<=,46,1,0.19876834381551367,1.1194805194805195,-1,1,0,1
>=,48,<=,11,>=,41,0,0.26782689049745884,1272,0.03906513927704923,0.8309748427672956,0.1690251572327044,0.3388364779874214,0.3841059602649007,0.11627906976744186,0.7653941832253309,0.7194803599398053,0.7068578974847209,>=,48,<=,8,>=,41,0,0.06220095693779906,0.2727272727272727,0,-3,0,0
>=,27,>=,9,<=,56,1,0.20844931310047587,2027,0.06225238782592672,0.7666502220029601,0.23334977799703996,0.6714356191415886,0.7200772200772201,0.5116279069767442,0.2466447590675962,0.4531187617087927,0.9190749669850434,>=,26,>=,9,<=,53,1,0.1994993742177723,0.09060846560846561,-1,0,-3,0
>=,59,<=,13,<=,46,1,0.207286432160804,271,0.008322840207610331,0.7343173431734318,0.2656826568265683,0.4022140221402214,0.457286432160804,0.25,0.9187985626977059,0.9167101747489328,0.7832683271398299,>=,58,<=,13,<=,46,1,0.1981566820276498,0.01694915254237288,-1,0,0,0
>=,32,<=,12,>=,44,0,0.2398144120632159,3740,0.11486133718251897,0.8382352941176471,0.16176470588235295,0.31176470588235294,0.35055821371610846,0.11074380165289256,0.3773839869782869,0.7522496237830534,0.7247320413992199,>=,32,<=,12,>=,40,0,0.1891178304893296,0.09090909090909091,0,0,-4,0
<=,54,<=,14,<=,53,1,0.20179983489746262,1681,0.05162617855716962,0.7334919690660321,0.26650803093396785,0.5788221296847115,0.6326034063260341,0.43080357142857145,0.8615521636313381,0.9696262399803446,0.8935229262000552,<=,53,<=,14,<=,53,1,0.19960351366341383,0.018518518518518517,-1,0,0,0
>=,48,>=,4,>=,36,0,0.2906286418769381,5430,0.1667639200270262,0.7353591160220995,0.26464088397790053,0.35359116022099446,0.43050338091660406,0.13987473903966596,0.7653941832253309,0.036792481803384416,0.2180522711218943,>=,52,>=,4,>=,36,1,0.19635064437922678,1.0833333333333333,4,0,0,1
>=,32,<=,14,>=,53,0,0.2729625164204351,2127,0.06532354657412241,0.8566055477197931,0.14339445228020686,0.4010343206393982,0.44017563117453345,0.16721311475409836,0.3773839869782869,0.9696262399803446,0.8935229262000552,>=,31,<=,14,>=,52,1,0.1996151996151997,1.0501179245283019,-1,0,-1,1
>=,38,>=,1,<=,49,0,0.22716652342495425,11075,0.34013083136267314,0.6510158013544018,0.3489841986455982,0.2630248306997743,0.34230235783633844,0.11513583441138421,0.5376984736341022,0.001566290961579804,0.8015417216915942,>=,32,>=,1,<=,49,0,0.1970949051902835,0.15789473684210525,-6,0,0,0
<=,48,>=,13,>=,36,1,0.22747314867156587,694,0.021313841712478118,0.7910662824207493,0.20893371757925072,0.8213256484149856,0.8688524590163934,0.6413793103448275,0.7653941832253309,0.9167101747489328,0.2180522711218943,<=,48,>=,14,>=,36,1,0.19187254675594545,0.07692307692307693,0,1,0,0
>=,33,>=,5,>=,27,1,0.21155427363255497,1974,0.060624673689383006,0.8044579533941236,0.1955420466058764,0.7168186423505573,0.7581863979848866,0.5466321243523317,0.40425662602499923,0.05257823776911028,0.12293848469027364,>=,30,>=,5,>=,25,1,0.19986845115534202,0.16498316498316498,-3,0,-2,0
<=,47,>=,3,>=,35,1,0.2042817804261466,1603,0.04923067473357698,0.7785402370555209,0.2214597629444791,0.6238303181534622,0.6690705128205128,0.4647887323943662,0.7487177912226283,0.01695279629004023,0.21129572187586376,<=,46,>=,3,>=,35,1,0.19383135257498585,0.02127659574468085,-1,0,0,0
>=,58,>=,11,>=,37,0,0.32402609863749765,494,0.015171524216086729,0.7813765182186235,0.21862348178137653,0.4939271255060729,0.5647668393782384,0.24074074074074073,0.9078959491416111,0.7194803599398053,0.2226282976567059,>=,58,>=,11,>=,37,1,0.15004985044865404,1.0,0,0,0,1
<=,51,>=,13,>=,59,1,0.30152848540991195,144,0.0044224685974018,0.8819444444444444,0.11805555555555555,0.8541666666666666,0.889763779527559,0.5882352941176471,0.8198765394183225,0.9167101747489328,0.9206105463591413,<=,51,>=,15,>=,59,0,0.13713713713713716,1.1538461538461537,0,2,0,-1
<=,45,>=,14,>=,59,0,0.24563122652294622,196,0.006019471146463561,0.8010204081632653,0.1989795918367347,0.6326530612244898,0.6815286624203821,0.4358974358974359,0.7043395473112005,0.9696262399803446,0.9206105463591413,<=,45,>=,15,>=,59,0,0.19999999999999996,0.07142857142857142,0,1,0,0
>=,29,>=,2,>=,24,0,0.22474427536130437,19908,0.6114062835907988,0.7058468957203134,0.29415310427968655,0.2863672895318465,0.35247651579846284,0.12773224043715847,0.29824022603728384,0.00672583765854857,0.10039617947851724,>=,23,>=,2,>=,24,0,0.19623370249457311,0.20689655172413793,-6,0,0,0
<=,58,>=,13,>=,32,1,0.2024293749956544,944,0.028991738582967354,0.7976694915254238,0.20233050847457626,0.836864406779661,0.8778220451527224,0.675392670157068,0.9078959491416111,0.9167101747489328,0.1694051165504745,<=,59,>=,13,>=,32,1,0.19801900141499895,0.017241379310344827,1,0,0,0
<=,59,>=,13,<=,56,0,0.2943775363677398,5726,0.17585454992168545,0.6756898358365351,0.3243101641634649,0.41215508208173246,0.5076247092271905,0.21324717285945072,0.9187985626977059,0.9167101747489328,0.9190749669850434,<=,59,>=,16,<=,56,0,0.194896449704142,0.23076923076923078,0,3,0,0
>=,53,>=,3,>=,39,1,0.2525301204819277,490,0.015048677866158901,0.8469387755102041,0.15306122448979592,0.6938775510204082,0.7325301204819277,0.48,0.848806854826326,0.01695279629004023,0.23841405362243173,>=,53,>=,3,>=,41,1,0.15242881072026804,0.05128205128205128,0,0,2,0
<=,49,>=,14,<=,43,0,0.32006446414182116,802,0.024630693160529467,0.6359102244389028,0.3640897755610973,0.43640897755610975,0.5529411764705883,0.2328767123287671,0.7831147692024201,0.9696262399803446,0.7182211848530451,<=,49,>=,14,<=,39,0,0.10677227722772276,0.09302325581395349,0,0,-4,0
>=,38,>=,7,>=,46,0,0.2832137013298137,3121,0.09585086453118762,0.837231656520346,0.16276834347965397,0.4831784684396027,0.529276693455798,0.24606299212598426,0.5376984736341022,0.11731826418107552,0.7832683271398299,>=,38,>=,7,>=,46,1,0.16692851531814612,1.0,0,0,0,1
>=,40,>=,8,>=,54,0,0.30903142784644944,1322,0.040600718651147075,0.8517397881996974,0.14826021180030258,0.4826021180030257,0.5284191829484902,0.2193877551020408,0.5871441294800528,0.13061638156076288,0.8947821012868156,>=,40,>=,8,>=,50,1,0.19737762237762235,1.074074074074074,0,0,-4,1
>=,30,>=,9,>=,59,0,0.25387146728610144,1714,0.0526396609440742,0.8611435239206534,0.13885647607934656,0.4329054842473746,0.46815718157181574,0.21428571428571427,0.3246829028592488,0.4531187617087927,0.9206105463591413,>=,30,>=,9,>=,59,1,0.17240390131956396,1.0,0,0,0,1
>=,60,>=,6,>=,45,0,0.32832244008714595,321,0.009858419581708178,0.8411214953271028,0.1588785046728972,0.43302180685358255,0.48518518518518516,0.1568627450980392,0.9283805779920764,0.08123214888977612,0.7807499769663094,>=,59,>=,6,>=,45,1,0.10676691729323307,1.0166666666666666,-1,0,0,1
>=,44,<=,15,<=,41,1,0.21538978494623656,730,0.022419458861828567,0.7452054794520548,0.2547945205479452,0.6013698630136987,0.65625,0.44086021505376344,0.6817972420994441,0.9873161143699518,0.7068578974847209,>=,44,<=,15,<=,39,1,0.0723275580254985,0.04878048780487805,0,0,-2,0
>=,47,<=,10,>=,36,0,0.23333155683286255,4180,0.12837443567458,0.7217703349282296,0.2782296650717703,0.25095693779904304,0.31587669870732515,0.0825451418744626,0.7487177912226283,0.6770369460397407,0.2180522711218943,>=,43,<=,9,>=,36,0,0.19766499509854232,0.1851063829787234,-4,-1,0,0
>=,30,>=,2,>=,40,0,0.23459931431685999,16634,0.5108565461748718,0.7449200432848383,0.2550799567151617,0.31357460622820726,0.37341618916955854,0.13881687485269856,0.3246829028592488,0.00672583765854857,0.7057522803353705,>=,30,>=,2,>=,41,1,0.14583333333333337,1.025,0,0,1,1
>=,26,>=,1,>=,21,0,0.20908771389567038,22217,0.6823193390866373,0.699014268353063,0.30098573164693704,0.26668767160282664,0.32962009014810045,0.12053237625243009,0.22100058352016216,0.001566290961579804,0.0906606062467369,>=,24,>=,1,>=,21,0,0.1996424677863976,0.07692307692307693,-2,0,0,0
>=,43,<=,15,>=,52,0,0.30049950049950047,1172,0.03599398052885354,0.8447098976109215,0.1552901023890785,0.4351535836177474,0.4818181818181818,0.1813186813186813,0.6595620527625073,0.9873161143699518,0.8927551365130063,>=,42,<=,15,>=,50,1,0.196521095484826,1.0617173524150267,-1,0,-2,1
<=,56,<=,14,>=,41,0,0.21675906803447345,7367,0.2262522649795768,0.808470204968101,0.19152979503189901,0.32903488529930774,0.3705507051712559,0.15379163713678243,0.8856607598046743,0.9696262399803446,0.7068578974847209,<=,56,<=,14,>=,40,0,0.18108833579161657,0.024390243902439025,0,0,-1,0
>=,38,>=,13,>=,53,0,0.35764195351573985,631,0.01937901170111483,0.8367670364500792,0.16323296354992076,0.6196513470681458,0.678030303030303,0.32038834951456313,0.5376984736341022,0.9167101747489328,0.8935229262000552,>=,38,>=,15,>=,53,0,0.10087719298245612,0.15384615384615385,0,2,0,0
>=,54,<=,15,>=,52,0,0.27255234861346916,367,0.011271152605878198,0.8446866485013624,0.1553133514986376,0.37057220708446864,0.4129032258064516,0.14035087719298245,0.8615521636313381,0.9873161143699518,0.8927551365130063,>=,54,<=,15,>=,50,1,0.18560606060606055,1.0384615384615385,0,0,-2,1
>=,29,<=,15,>=,52,0,0.26468951991211986,2584,0.07935874205337674,0.8506191950464397,0.14938080495356038,0.40131578947368424,0.4408553230209281,0.17616580310880828,0.29824022603728384,0.9873161143699518,0.8927551365130063,>=,29,<=,15,>=,50,1,0.1269830321423645,1.0384615384615385,0,0,-2,1
>=,48,>=,2,<=,42,1,0.22417901772740484,599,0.018396240901692208,0.7412353923205343,0.2587646076794658,0.5726210350584308,0.6306306306306306,0.4064516129032258,0.7653941832253309,0.00672583765854857,0.7135837351432696,>=,48,>=,2,<=,39,1,0.09674155029346287,0.07142857142857142,0,0,-3,0
>=,26,>=,2,>=,36,0,0.21750618578599676,19892,0.6109148981910875,0.7244118238487834,0.27558817615121656,0.28343052483410414,0.3433726578764747,0.12586647209047794,0.22100058352016216,0.00672583765854857,0.2180522711218943,>=,22,>=,2,>=,35,0,0.19982435831371925,0.18162393162393164,-4,0,-1,0
>=,48,<=,12,>=,45,0,0.24727351257963504,1218,0.03740671355302356,0.8448275862068966,0.15517241379310345,0.3464696223316913,0.3848396501457726,0.13756613756613756,0.7653941832253309,0.7522496237830534,0.7807499769663094,>=,53,<=,12,>=,45,0,0.18080251303935516,0.10416666666666667,5,0,0,0
>=,53,>=,12,>=,22,0,0.375576679965194,1008,0.030957280181812596,0.7648809523809523,0.23511904761904762,0.5277777777777778,0.6160830090791181,0.24050632911392406,0.848806854826326,0.7522496237830534,0.092011916095943,>=,53,>=,12,>=,22,1,0.18475274725274726,1.0,0,0,0,1
>=,45,>=,14,>=,60,0,0.3128415300546448,146,0.004483891772365713,0.8356164383561644,0.1643835616438356,0.678082191780822,0.7295081967213115,0.4166666666666667,0.7043395473112005,0.9696262399803446,0.9659101378950278,>=,44,>=,13,>=,60,1,0.1828396322778345,1.0936507936507938,-1,-1,0,1
>=,33,<=,8,>=,29,1,0.20446533490011753,134,0.00411535272258223,0.8283582089552238,0.17164179104477612,0.34328358208955223,0.3783783783783784,0.17391304347826086,0.40425662602499923,0.13061638156076288,0.12579466232609562,>=,34,<=,8,>=,29,1,0.19484491044124075,0.030303030303030304,1,0,0,0
>=,55,>=,9,>=,36,1,0.24090909090909085,357,0.010964036731058628,0.8319327731092437,0.16806722689075632,0.7170868347338936,0.7575757575757576,0.5166666666666667,0.874420318786278,0.4531187617087927,0.2180522711218943,>=,59,>=,9,>=,36,1,0.19919786096256686,0.07272727272727272,4,0,0,0
>=,56,>=,10,<=,41,0,0.3037377675893927,1143,0.035103344491876784,0.6701662292213474,0.32983377077865267,0.31496062992125984,0.4151436031331593,0.11140583554376658,0.8856607598046743,0.6770369460397407,0.7068578974847209,>=,56,>=,9,<=,39,0,0.1601870880303073,0.14878048780487807,0,-1,-2,0
>=,32,>=,15,<=,58,0,0.2990543735224586,526,0.016154295015509353,0.8212927756653993,0.17870722433460076,0.7243346007604563,0.7777777777777778,0.4787234042553192,0.3773839869782869,0.9873161143699518,0.9204569884217315,>=,32,>=,16,<=,60,0,0.1892230576441103,0.10114942528735632,0,1,2,0
>=,34,<=,11,>=,32,1,0.218366422275311,979,0.030066644144835848,0.8130745658835546,0.18692543411644535,0.5709908069458631,0.6118090452261307,0.39344262295081966,0.4314670925340131,0.7194803599398053,0.1694051165504745,>=,37,<=,11,>=,30,1,0.1999236058059588,0.15073529411764708,3,0,-2,0
<=,50,>=,7,>=,49,0,0.20453233638335747,4447,0.1365744295322625,0.8295480098943108,0.17045199010568923,0.3728356195187767,0.40769856329628623,0.20316622691292877,0.8016031448665581,0.11731826418107552,0.8015417216915942,<=,47,>=,7,>=,49,0,0.19994095436129466,0.06,-3,0,0,0
>=,41,>=,5,<=,41,0,0.22739504291490267,7687,0.236079972973803,0.6323663327696111,0.367633667230389,0.2605697931572785,0.3441678666940959,0.11677282377919321,0.6119590921654741,0.05257823776911028,0.7068578974847209,>=,41,>=,5,<=,39,0,0.12208014394643306,0.04878048780487805,0,0,-2,0
<=,54,>=,6,>=,52,0,0.2264912613981763,2751,0.08448757716286355,0.8371501272264631,0.1628498727735369,0.3704107597237368,0.4072948328267477,0.18080357142857142,0.8615521636313381,0.08123214888977612,0.8927551365130063,<=,50,>=,6,>=,50,0,0.19854452850333676,0.11253561253561253,-4,0,-2,0
>=,29,>=,8,>=,26,0,0.24821568530963328,17468,0.5364700101348239,0.7078658117700939,0.2921341882299061,0.3150332035722464,0.38754549130610594,0.13932980599647266,0.29824022603728384,0.13061638156076288,0.12201713706581493,>=,30,>=,8,>=,25,1,0.1995165300604631,1.072944297082228,1,0,-1,1
<=,50,>=,8,>=,25,1,0.21776531516308467,1752,0.05380670126838856,0.7676940639269406,0.23230593607305935,0.6438356164383562,0.6944237918215613,0.47665847665847666,0.8016031448665581,0.13061638156076288,0.12109578944135622,<=,46,>=,8,>=,25,1,0.19877169226041275,0.08,-4,0,0,0
<=,51,>=,4,>=,48,0,0.2015385987240493,5093,0.1564141150456067,0.8276065187512271,0.17239348124877282,0.35813862163754173,0.39288256227758006,0.19134396355353075,0.8198765394183225,0.036792481803384416,0.8006510856546175,<=,50,>=,4,>=,48,0,0.1988720585510469,0.0196078431372549,-1,0,0,0
>=,27,<=,15,>=,37,1,0.22159316119810113,2091,0.06421792942477196,0.8216164514586323,0.17838354854136776,0.683405069344811,0.7229336437718277,0.5013404825737265,0.2466447590675962,0.9873161143699518,0.2226282976567059,>=,27,<=,15,>=,41,1,0.17732398239823977,0.10810810810810811,0,0,4,0
<=,40,>=,15,<=,44,0,0.39493670886075943,114,0.0035011209729430915,0.6929824561403509,0.30701754385964913,0.47368421052631576,0.5949367088607594,0.2,0.5871441294800528,0.9873161143699518,0.7247320413992199,<=,40,>=,13,<=,44,0,0.16126401723866948,0.13333333333333333,0,-2,0,0
<=,54,<=,10,<=,57,1,0.2255187561412635,967,0.029698105095052364,0.7549120992761117,0.2450879007238883,0.452947259565667,0.5082191780821917,0.28270042194092826,0.8615521636313381,0.6770369460397407,0.9195970639722367,<=,54,<=,9,<=,57,1,0.16848760983774236,0.1,0,-1,0,0
>=,46,>=,3,>=,59,1,0.20833333333333337,142,0.004361045422437886,0.8873239436619719,0.11267605633802817,0.8098591549295775,0.8333333333333334,0.625,0.7269739872854027,0.01695279629004023,0.9206105463591413,>=,47,>=,3,>=,59,1,0.18322981366459623,0.021739130434782608,1,0,0,0
>=,47,>=,12,<=,58,1,0.24777950737111987,393,0.012069653880409079,0.8295165394402035,0.17048346055979643,0.8473282442748091,0.8895705521472392,0.6417910447761194,0.7487177912226283,0.7522496237830534,0.9204569884217315,>=,48,>=,13,<=,58,1,0.19653524492234165,0.10460992907801418,1,1,0,0
<=,60,>=,11,>=,46,0,0.2599761428515059,2504,0.07690181505482019,0.8039137380191693,0.19608626198083068,0.5287539936102237,0.5797317436661699,0.319755600814664,0.9283805779920764,0.7194803599398053,0.7832683271398299,<=,60,>=,11,>=,46,1,0.1697129449931929,1.0,0,0,0,1
>=,33,>=,4,>=,41,0,0.2726476439567499,5851,0.17969349835693008,0.8277217569646215,0.17227824303537856,0.43599384720560586,0.4829651042742102,0.21031746031746032,0.40425662602499923,0.036792481803384416,0.7068578974847209,>=,33,>=,4,>=,41,1,0.1692771084337349,1.0,0,0,0,1
<=,50,<=,16,<=,34,1,-0.22185292895720815,141,0.004330333834955929,0.41134751773049644,0.5886524822695035,0.23404255319148937,0.10344827586206896,0.3253012048192771,0.8016031448665581,1.0,0.1714627929117656,<=,50,<=,16,<=,35,1,-0.11233569261880688,0.029411764705882353,0,0,1,0
>=,46,>=,2,>=,60,1,0.20833333333333337,142,0.004361045422437886,0.8873239436619719,0.11267605633802817,0.8098591549295775,0.8333333333333334,0.625,0.7269739872854027,0.00672583765854857,0.9659101378950278,>=,47,>=,2,>=,60,1,0.18322981366459623,0.021739130434782608,1,0,0,0
>=,37,>=,6,<=,48,0,0.24075337546681985,10738,0.3297810263812537,0.6483516483516484,0.3516483516483517,0.28003352579623764,0.36469405343292155,0.1239406779661017,0.5122999907865238,0.08123214888977612,0.8006510856546175,>=,37,>=,6,<=,48,1,0.18867188746335228,1.0,0,0,0,1
>=,49,<=,14,<=,44,0,0.20868097833637053,4836,0.14852123706274378,0.6406120760959471,0.35938792390405294,0.22229114971050454,0.2972885732730794,0.08860759493670886,0.7831147692024201,0.9696262399803446,0.7247320413992199,>=,52,<=,14,<=,43,0,0.19783446537562555,0.08395176252319109,3,0,-1,0
>=,44,>=,5,>=,50,1,0.21376887952230417,404,0.012407481342710604,0.9034653465346535,0.09653465346534654,0.8341584158415841,0.8547945205479452,0.6410256410256411,0.6817972420994441,0.05257823776911028,0.8881176868032309,>=,43,>=,5,>=,50,1,0.19823424796747968,0.022727272727272728,-1,0,0,0
>=,37,>=,14,<=,35,0,0.2505385252692626,227,0.006971530358404226,0.6255506607929515,0.3744493392070485,0.42731277533039647,0.5211267605633803,0.27058823529411763,0.5122999907865238,0.9696262399803446,0.21129572187586376,>=,37,>=,14,<=,34,0,0.16768086544962812,0.02857142857142857,0,0,-1,0
<=,51,<=,15,<=,51,1,0.20280138688595006,1632,0.05012131077055373,0.7328431372549019,0.26715686274509803,0.5821078431372549,0.6362876254180602,0.4334862385321101,0.8198765394183225,0.9873161143699518,0.8885169374404963,<=,50,<=,15,<=,51,1,0.19814223843173012,0.0196078431372549,-1,0,0,0
<=,52,<=,16,>=,41,0,0.21676957526014132,7269,0.223242529406345,0.8093272802311184,0.19067271976888156,0.3428256981703123,0.3841577426483087,0.1673881673881674,0.8345566782346979,1.0,0.7068578974847209,<=,52,<=,16,>=,40,0,0.181312988513365,0.024390243902439025,0,0,-1,0
>=,60,>=,6,>=,50,0,0.37347155768208407,236,0.007247934645741839,0.8389830508474576,0.16101694915254236,0.4449152542372881,0.5050505050505051,0.13157894736842105,0.9283805779920764,0.08123214888977612,0.8881176868032309,>=,57,>=,6,>=,50,1,0.14640198511166258,1.05,-3,0,0,1
>=,39,>=,13,>=,48,0,0.30151771522329895,1183,0.03633180799115506,0.8326289095519864,0.16737109044801352,0.6500422654268808,0.700507614213198,0.398989898989899,0.562759129019379,0.9167101747489328,0.8006510856546175,>=,39,>=,15,>=,48,0,0.07333333333333325,0.15384615384615385,0,2,0,0
>=,36,>=,13,>=,34,0,0.36443852903480234,3780,0.11608980068179724,0.7666666666666667,0.23333333333333334,0.5685185185185185,0.6535541752933057,0.2891156462585034,0.4859494487270047,0.9167101747489328,0.1714627929117656,>=,36,>=,13,>=,34,1,0.18641259320629655,1.0,0,0,0,1
>=,54,>=,13,>=,50,0,0.442662288456681,251,0.007708608457971193,0.852589641434263,0.14741035856573706,0.5936254980079682,0.6588785046728972,0.21621621621621623,0.8615521636313381,0.9167101747489328,0.8881176868032309,>=,51,>=,13,>=,50,1,0.1875,1.0555555555555556,-3,0,0,1
>=,33,>=,15,<=,43,0,0.37833635656905934,295,0.009059918307177298,0.7694915254237288,0.2305084745762712,0.6440677966101694,0.7312775330396476,0.35294117647058826,0.40425662602499923,0.9873161143699518,0.7182211848530451,>=,33,>=,14,<=,43,1,0.1215780998389695,1.0666666666666667,0,-1,0,1
<=,58,>=,16,>=,24,0,0.20041608876560335,269,0.008261417032646417,0.7657992565055762,0.2342007434944238,0.724907063197026,0.7718446601941747,0.5714285714285714,0.9078959491416111,1.0,0.10039617947851724,<=,57,>=,16,>=,24,0,0.19470241460066218,0.017241379310344827,-1,0,0,0
<=,60,>=,8,<=,48,1,0.20368097889187292,1490,0.04576026534811584,0.7134228187919464,0.2865771812080537,0.5926174496644295,0.6509877704609596,0.44730679156908665,0.9283805779920764,0.13061638156076288,0.8006510856546175,<=,63,>=,8,<=,48,1,0.19779526973115769,0.05,3,0,0,0
<=,39,>=,10,>=,54,0,0.21233229434882778,973,0.029882374619944106,0.8067831449126414,0.1932168550873587,0.36279547790339156,0.40382165605095544,0.19148936170212766,0.562759129019379,0.6770369460397407,0.8947821012868156,<=,37,>=,10,>=,54,0,0.18894348894348892,0.05128205128205128,-2,0,0,0
>=,34,<=,15,>=,59,1,0.2303381642512078,248,0.007616473695525322,0.907258064516129,0.09274193548387097,0.7741935483870968,0.7955555555555556,0.5652173913043478,0.4314670925340131,0.9873161143699518,0.9206105463591413,>=,34,<=,14,>=,59,1,0.1941964285714286,0.06666666666666667,0,-1,0,0
>=,29,<=,11,>=,51,1,0.26550270921131847,162,0.004975277172077025,0.9320987654320988,0.06790123456790123,0.6111111111111112,0.6291390728476821,0.36363636363636365,0.29824022603728384,0.7194803599398053,0.8885169374404963,>=,29,<=,13,>=,50,1,0.15215419501133787,0.2014260249554367,0,2,-1,0
<=,34,>=,11,>=,57,0,0.2303155781416651,284,0.008722090844875772,0.7288732394366197,0.2711267605633803,0.3626760563380282,0.4251207729468599,0.19480519480519481,0.4314670925340131,0.7194803599398053,0.9195970639722367,<=,34,>=,11,>=,55,0,0.1926281501800103,0.03508771929824561,0,0,-2,0
>=,40,<=,9,>=,44,0,0.2664122230190468,1346,0.04133779675071404,0.837295690936107,0.16270430906389302,0.27786032689450224,0.321206743566992,0.0547945205479452,0.5871441294800528,0.4531187617087927,0.7247320413992199,>=,40,<=,9,>=,40,0,0.1933526118028439,0.09090909090909091,0,0,-4,0
>=,48,>=,5,>=,57,0,0.2802704043014121,554,0.017014219465004147,0.8537906137184116,0.14620938628158844,0.4368231046931408,0.47780126849894294,0.19753086419753085,0.7653941832253309,0.05257823776911028,0.9195970639722367,>=,48,>=,5,>=,61,0,0.19556505476890196,0.07017543859649122,0,0,4,0
>=,28,>=,5,>=,53,0,0.2426735019109538,2581,0.07926660729093087,0.8496706702828362,0.1503293297171639,0.41495544362650133,0.45143638850889195,0.20876288659793815,0.2732717054144529,0.05257823776911028,0.8935229262000552,>=,28,>=,5,>=,50,1,0.155072463768116,1.0566037735849056,0,0,-3,1
>=,35,<=,14,<=,54,0,0.21862667625308435,14047,0.43140566935904917,0.6674734818822524,0.3325265181177476,0.2681711397451413,0.3408703071672355,0.12224363091415115,0.45837044316820735,0.9696262399803446,0.8947821012868156,>=,33,<=,13,<=,54,0,0.1990151452321382,0.12857142857142856,-2,-1,0,0
<=,55,<=,12,>=,38,1,0.23551302498670917,1100,0.033782746230152635,0.81,0.19,0.5209090909090909,0.5656565656565656,0.33014354066985646,0.874420318786278,0.7522496237830534,0.23724701329811737,<=,49,<=,12,>=,38,1,0.19863945578231296,0.10909090909090909,-6,0,0,0
>=,52,>=,10,<=,42,0,0.3115997348172851,1639,0.05033629188292743,0.6662599145820622,0.33374008541793776,0.3410616229408176,0.44505494505494503,0.13345521023765997,0.8345566782346979,0.6770369460397407,0.7135837351432696,>=,52,>=,9,<=,39,0,0.15806938159879336,0.17142857142857143,0,-1,-3,0
>=,26,>=,4,>=,27,1,0.2016588532275514,2352,0.07223365375756273,0.7993197278911565,0.20068027210884354,0.6760204081632653,0.7164893617021276,0.5148305084745762,0.22100058352016216,0.036792481803384416,0.12293848469027364,>=,26,>=,4,>=,29,1,0.19939534460811048,0.07407407407407407,0,0,2,0
>=,49,>=,4,>=,56,0,0.27631907976994247,551,0.016922084702558276,0.8439201451905626,0.1560798548094374,0.4192377495462795,0.46236559139784944,0.18604651162790697,0.7831147692024201,0.036792481803384416,0.9190749669850434,>=,49,>=,4,>=,61,0,0.19484437131495955,0.08928571428571429,0,0,5,0
>=,54,>=,7,>=,51,0,0.28286961265684674,334,0.010257670218973619,0.844311377245509,0.15568862275449102,0.4311377245508982,0.475177304964539,0.19230769230769232,0.8615521636313381,0.11731826418107552,0.8885169374404963,>=,54,>=,7,>=,50,1,0.19546086150995823,1.0196078431372548,0,0,-1,1
>=,42,>=,4,<=,47,0,0.24301599849733152,8425,0.25874512453548726,0.6487833827893175,0.3512166172106825,0.2712166172106825,0.35656787413099156,0.11355187563366002,0.6359141304014004,0.036792481803384416,0.7847731949264457,>=,41,>=,4,<=,47,1,0.19302106600096353,1.0238095238095237,-1,0,0,1
>=,28,>=,2,>=,55,0,0.24191065852883975,2607,0.08006510856546174,0.8507863444572306,0.14921365554276947,0.40889911775987725,0.4449954914337241,0.20308483290488433,0.2732717054144529,0.00672583765854857,0.9160959429992936,>=,30,>=,2,>=,55,1,0.19241482751232053,1.0714285714285714,2,0,0,1
<=,55,<=,15,>=,50,0,0.20761804536101924,4957,0.15223733914806056,0.8345773653419407,0.16542263465805931,0.3647367359289893,0.3990814599951656,0.19146341463414634,0.874420318786278,0.9873161143699518,0.8881176868032309,<=,54,<=,16,>=,50,0,0.19776174966437743,0.08484848484848484,-1,1,0,0
>=,52,>=,10,>=,54,0,0.29679875073199297,265,0.00813857068271859,0.8226415094339623,0.17735849056603772,0.5207547169811321,0.573394495412844,0.2765957446808511,0.8345566782346979,0.6770369460397407,0.8947821012868156,>=,56,>=,10,>=,56,0,0.19387755102040816,0.11396011396011396,4,0,2,0
>=,36,>=,12,>=,60,0,0.3498901443816699,553,0.01698350787752219,0.8535262206148282,0.14647377938517178,0.5949367088607594,0.6461864406779662,0.2962962962962963,0.4859494487270047,0.7522496237830534,0.9659101378950278,>=,36,>=,15,>=,60,0,0.13461538461538458,0.25,0,3,0,0
>=,52,>=,13,<=,56,1,0.22146341463414632,241,0.007401492583151623,0.8298755186721992,0.17012448132780084,0.8423236514522822,0.88,0.6585365853658537,0.8345566782346979,0.9167101747489328,0.9190749669850434,>=,51,>=,13,<=,54,1,0.19146930599740775,0.054945054945054944,-1,0,-2,0
>=,44,>=,8,<=,46,1,0.23194404279930597,790,0.024262154110745983,0.769620253164557,0.23037974683544304,0.6620253164556962,0.7154605263157895,0.4835164835164835,0.6817972420994441,0.13061638156076288,0.7832683271398299,>=,41,>=,8,<=,46,1,0.19814814814814807,0.06818181818181818,-3,0,0,0
>=,33,<=,13,>=,38,0,0.23318461787187128,13374,0.41073677098369216,0.7359802602063705,0.2640197397936294,0.2866008673545686,0.3481662094889769,0.11498159161710564,0.40425662602499923,0.9167101747489328,0.23724701329811737,>=,33,<=,12,>=,38,0,0.19576607065994084,0.07692307692307693,0,-1,0,0
>=,56,>=,11,<=,41,0,0.3173818512228628,672,0.020638186787875067,0.7127976190476191,0.28720238095238093,0.37648809523809523,0.46764091858037576,0.15025906735751296,0.8856607598046743,0.7194803599398053,0.7068578974847209,>=,56,>=,9,<=,39,0,0.1601870880303073,0.23059866962305986,0,-2,-2,0
>=,56,>=,5,<=,45,1,0.24782700869196522,354,0.010871901968612757,0.748587570621469,0.2514124293785311,0.5225988700564972,0.5849056603773585,0.33707865168539325,0.8856607598046743,0.05257823776911028,0.7807499769663094,>=,56,>=,5,<=,39,1,0.16127110228401192,0.13333333333333333,0,0,-6,0
>=,46,>=,5,<=,47,1,0.240397980100995,742,0.02278799791161205,0.761455525606469,0.238544474393531,0.6293800539083558,0.6867256637168142,0.4463276836158192,0.7269739872854027,0.05257823776911028,0.7847731949264457,>=,41,>=,5,<=,47,1,0.19769924640328845,0.10869565217391304,-5,0,0,0
<=,46,>=,3,>=,56,0,0.20831983628725825,1715,0.05267037253155615,0.8431486880466472,0.15685131195335278,0.33177842565597665,0.3644536652835408,0.15613382899628253,0.7269739872854027,0.01695279629004023,0.9190749669850434,<=,44,>=,3,>=,56,0,0.19231820385853038,0.043478260869565216,-2,0,0,0
>=,58,<=,14,<=,45,1,0.2009596828873937,314,0.00964343846933448,0.7356687898089171,0.2643312101910828,0.44904458598726116,0.5021645021645021,0.30120481927710846,0.9078959491416111,0.9696262399803446,0.7807499769663094,>=,58,<=,14,<=,44,1,0.19342818428184283,0.022222222222222223,0,0,-1,0
>=,46,<=,11,>=,55,0,0.2861346915676288,541,0.016614968827738705,0.8595194085027726,0.14048059149722736,0.3512014787430684,0.3913978494623656,0.10526315789473684,0.7269739872854027,0.7194803599398053,0.9160959429992936,>=,46,<=,11,>=,61,0,0.1875127524994899,0.10909090909090909,0,0,6,0
>=,57,>=,5,<=,45,0,0.21751052771576213,2428,0.07456773440619145,0.6515650741350906,0.3484349258649094,0.2244645799011532,0.3002528445006321,0.08274231678486997,0.8966555081232149,0.05257823776911028,0.7807499769663094,>=,58,>=,5,<=,44,0,0.198893331312197,0.03976608187134503,1,0,-1,0
>=,30,>=,9,>=,32,0,0.2605535012589866,16123,0.49516292497159176,0.7139490169323327,0.2860509830676673,0.3297773367239348,0.40430892190079054,0.143755420641804,0.3246829028592488,0.4531187617087927,0.1694051165504745,>=,30,>=,11,>=,32,1,0.1813467667926465,1.2222222222222223,0,2,0,1
>=,25,>=,13,<=,49,0,0.28024285452776887,4494,0.1380178741439145,0.6711170449488206,0.32888295505117937,0.40120160213618156,0.493368700265252,0.21312584573748308,0.19689198734682595,0.9167101747489328,0.8015417216915942,>=,25,>=,13,<=,49,1,0.1891103359742735,1.0,0,0,0,1
>=,46,<=,15,>=,49,0,0.27050291984760894,1588,0.048770000921347624,0.8394206549118388,0.1605793450881612,0.45843828715365237,0.5018754688672168,0.23137254901960785,0.7269739872854027,0.9873161143699518,0.8015417216915942,>=,45,<=,15,>=,49,1,0.194062671797691,1.0217391304347827,-1,0,0,1
>=,51,>=,3,>=,44,0,0.275496745427452,1384,0.04250483707502841,0.8403179190751445,0.1596820809248555,0.4486994219653179,0.4926913155631986,0.2171945701357466,0.8198765394183225,0.01695279629004023,0.7247320413992199,>=,51,>=,3,>=,44,1,0.15098227778541007,1.0,0,0,0,1
>=,58,>=,12,<=,38,0,0.2541062801932367,249,0.007647185283007279,0.7228915662650602,0.27710843373493976,0.285140562248996,0.35555555555555557,0.10144927536231885,0.9078959491416111,0.7522496237830534,0.23724701329811737,>=,58,>=,9,<=,38,0,0.15185225186305218,0.25,0,-3,0,0
>=,47,>=,13,>=,46,0,0.3292335115864527,620,0.019041184238813305,0.8225806451612904,0.1774193548387097,0.6435483870967742,0.7019607843137254,0.37272727272727274,0.7487177912226283,0.9167101747489328,0.7832683271398299,>=,47,>=,15,>=,46,0,0.0858113848768054,0.15384615384615385,0,2,0,0
<=,60,>=,11,>=,31,1,0.22356532356532355,1162,0.035686864654033965,0.7831325301204819,0.21686746987951808,0.802065404475043,0.8505494505494505,0.626984126984127,0.9283805779920764,0.7194803599398053,0.16123583428027394,<=,60,>=,13,>=,32,1,0.19917438622133554,0.21407624633431085,0,2,1,0
>=,37,<=,13,>=,20,0,0.23770032391958712,12635,0.388040907834526,0.696794618124258,0.303205381875742,0.27708745548080727,0.34915947296683325,0.11145914904724614,0.5122999907865238,0.9167101747489328,0.08992352814716993,>=,35,<=,12,>=,20,0,0.1911556570996559,0.13097713097713098,-2,-1,0,0
>=,33,>=,10,<=,47,0,0.2812571456825882,6948,0.21338410982463685,0.645797351755901,0.354202648244099,0.3494530800230282,0.44907510586137733,0.1678179601787891,0.40425662602499923,0.6770369460397407,0.7847731949264457,>=,33,>=,9,<=,47,1,0.19164027034604525,1.1,0,-1,0,1
<=,50,>=,3,>=,42,0,0.2107962178743227,6921,0.212554896962624,0.807831238260367,0.192168761739633,0.3379569426383471,0.37846539080665353,0.16766917293233083,0.8016031448665581,0.01695279629004023,0.7135837351432696,<=,50,>=,3,>=,40,0,0.1763537627544834,0.047619047619047616,0,0,-2,0
>=,25,>=,9,>=,24,1,0.2079938364180649,2276,0.06989957310893401,0.7930579964850615,0.2069420035149385,0.6893673110720563,0.7324099722991689,0.524416135881104,0.19689198734682595,0.4531187617087927,0.10039617947851724,>=,30,>=,9,>=,24,1,0.1980292116846739,0.2,5,0,0,0
>=,35,<=,15,<=,55,1,0.21397855682826178,1727,0.05303891158133964,0.7759119861030689,0.2240880138969311,0.6647365373480023,0.7126865671641791,0.49870801033591733,0.45837044316820735,0.9873161143699518,0.9160959429992936,>=,35,<=,15,<=,49,1,0.1962344014367136,0.10909090909090909,0,0,-6,0
>=,52,>=,3,>=,35,0,0.2857046377004458,3889,0.11943736371733055,0.7264078169195166,0.27359218308048344,0.32501928516328105,0.4031858407079646,0.1174812030075188,0.8345566782346979,0.01695279629004023,0.21129572187586376,>=,52,>=,3,>=,36,1,0.19959165380210153,1.0285714285714285,0,0,1,1
>=,55,>=,4,>=,42,0,0.2787115796824535,864,0.0265348115844108,0.8344907407407407,0.16550925925925927,0.4074074074074074,0.4535367545076283,0.17482517482517482,0.874420318786278,0.036792481803384416,0.7135837351432696,>=,55,>=,4,>=,42,1,0.16743383199079398,1.0,0,0,0,1
>=,50,<=,13,<=,50,1,0.27055653470715835,589,0.01808912502687264,0.7826825127334465,0.21731748726655348,0.5789473684210527,0.6377440347071583,0.3671875,0.8016031448665581,0.9167101747489328,0.8881176868032309,>=,50,<=,12,<=,49,1,0.1970944758027205,0.09692307692307693,0,-1,-1,0
<=,44,>=,11,>=,35,1,0.2169684129429893,707,0.021713092349743557,0.751060820367751,0.24893917963224893,0.7595473833097596,0.8135593220338984,0.5965909090909091,0.6817972420994441,0.7194803599398053,0.21129572187586376,<=,43,>=,11,>=,35,1,0.19577053962080704,0.022727272727272728,-1,0,0,0
>=,50,>=,2,>=,45,0,0.276699088894361,1558,0.047848653296888914,0.8408215661103979,0.15917843388960207,0.4544287548138639,0.4984732824427481,0.2217741935483871,0.8016031448665581,0.00672583765854857,0.7807499769663094,>=,50,>=,2,>=,45,1,0.19044162129461584,1.0,0,0,0,1
>=,28,>=,10,>=,56,1,0.2640699052132701,243,0.007462915758115537,0.8683127572016461,0.13168724279835392,0.823045267489712,0.8578199052132701,0.59375,0.2732717054144529,0.6770369460397407,0.9190749669850434,>=,30,>=,10,>=,57,1,0.18349753694581272,0.08928571428571427,2,0,1,0
<=,55,>=,15,>=,23,0,0.2901162390810922,593,0.018211971376800466,0.790893760539629,0.209106239460371,0.7133220910623946,0.7739872068230277,0.4838709677419355,0.874420318786278,0.9873161143699518,0.09265685943306409,<=,55,>=,16,>=,23,0,0.17088222511951323,0.06666666666666667,0,1,0,0
<=,39,>=,12,>=,60,0,0.2560223266745006,388,0.011916095942999293,0.7628865979381443,0.23711340206185566,0.45618556701030927,0.5168918918918919,0.2608695652173913,0.562759129019379,0.7522496237830534,0.9659101378950278,<=,36,>=,11,>=,60,0,0.19711580996195702,0.16025641025641024,-3,-1,0,0
>=,53,<=,15,<=,45,0,0.21721995566236332,3773,0.11587481956942354,0.6541213888152664,0.3458786111847336,0.22024913861648557,0.2953808752025932,0.07816091954022988,0.848806854826326,0.9873161143699518,0.7807499769663094,>=,56,<=,15,<=,45,0,0.19516332982632267,0.05660377358490566,3,0,0,0
>=,56,>=,5,<=,52,0,0.2399010503011626,2959,0.0908755873591106,0.6738763095640419,0.32612369043595807,0.24974653599188915,0.3279839518555667,0.08808290155440414,0.8856607598046743,0.05257823776911028,0.8927551365130063,>=,62,>=,5,<=,52,0,0.19829430230296968,0.10714285714285714,6,0,0,0
>=,58,>=,11,>=,30,1,0.2027879190175904,154,0.004729584472221369,0.8506493506493507,0.14935064935064934,0.8246753246753247,0.8549618320610687,0.6521739130434783,0.9078959491416111,0.7194803599398053,0.16108227634286415,>=,57,>=,11,>=,30,1,0.1923937360178971,0.017241379310344827,-1,0,0,0
>=,29,<=,10,>=,48,1,0.39147936933914795,293,0.008998495132213385,0.9249146757679181,0.07508532423208192,0.6348122866894198,0.6642066420664207,0.2727272727272727,0.29824022603728384,0.6770369460397407,0.8006510856546175,>=,29,<=,13,>=,48,1,0.18110079575596827,0.3,0,3,0,0
>=,47,<=,13,<=,50,0,0.23213055136308114,6269,0.19253094192438808,0.6669325251236242,0.33306747487637584,0.24724836497048971,0.324563501554652,0.09243295019157088,0.7487177912226283,0.9167101747489328,0.8881176868032309,>=,47,<=,12,<=,49,0,0.19346940868100704,0.09692307692307693,0,-1,-1,0
>=,35,>=,4,>=,55,0,0.2777458017334778,1948,0.05982617241485212,0.8542094455852156,0.1457905544147844,0.4414784394250513,0.48197115384615385,0.20422535211267606,0.45837044316820735,0.036792481803384416,0.9160959429992936,>=,34,>=,4,>=,55,1,0.19349845201238391,1.0285714285714285,-1,0,0,1
>=,30,>=,2,>=,49,0,0.22442933582518146,4536,0.13930776081815668,0.8489858906525574,0.1510141093474427,0.43871252204585537,0.4726045183069333,0.24817518248175183,0.3246829028592488,0.00672583765854857,0.8015417216915942,>=,30,>=,2,>=,49,1,0.1221574344023324,1.0,0,0,0,1
>=,31,>=,4,<=,55,1,0.20779078167894816,1988,0.0610546359141304,0.7736418511066399,0.22635814889336017,0.6629778672032193,0.7100130039011704,0.5022222222222222,0.35195479254322654,0.036792481803384416,0.9160959429992936,>=,30,>=,4,<=,54,1,0.19567048517520214,0.05043988269794721,-1,0,-1,0
>=,37,>=,4,>=,60,0,0.29281496062992124,1319,0.040508583888701204,0.866565579984837,0.133434420015163,0.44124336618650495,0.48031496062992124,0.1875,0.5122999907865238,0.036792481803384416,0.9659101378950278,>=,36,>=,4,>=,60,1,0.1998847926267281,1.027027027027027,-1,0,0,1
>=,35,<=,13,<=,58,1,0.23330597837084333,1442,0.044286109148981914,0.7808599167822469,0.21914008321775313,0.6220527045769764,0.6731793960923623,0.439873417721519,0.45837044316820735,0.9167101747489328,0.9204569884217315,>=,35,<=,10,<=,58,1,0.1992374664017763,0.23076923076923078,0,-3,0,0
>=,46,<=,13,>=,45,1,0.2773722627737226,296,0.009090629894659256,0.9256756756756757,0.07432432432432433,0.7567567567567568,0.7773722627737226,0.5,0.7269739872854027,0.9167101747489328,0.7807499769663094,>=,45,<=,13,>=,46,1,0.17756255044390634,0.043961352657004835,-1,0,1,0
<=,44,>=,16,>=,28,0,0.21709816612729238,139,0.004268910659992015,0.7410071942446043,0.2589928057553957,0.6330935251798561,0.6893203883495146,0.4722222222222222,0.6817972420994441,1.0,0.12557968121372193,<=,43,>=,16,>=,28,0,0.19849624060150378,0.022727272727272728,-1,0,0,0
<=,49,>=,3,>=,43,0,0.20642547578669682,6555,0.20131445594422775,0.8096109839816934,0.19038901601830663,0.3337909992372235,0.3730921424533635,0.16666666666666666,0.7831147692024201,0.01695279629004023,0.7182211848530451,<=,46,>=,3,>=,43,0,0.19549758047548918,0.061224489795918366,-3,0,0,0
<=,45,<=,13,>=,47,1,0.21589041095890416,415,0.012745308805012132,0.8795180722891566,0.12048192771084337,0.6698795180722892,0.6958904109589041,0.48,0.7043395473112005,0.9167101747489328,0.7847731949264457,<=,45,<=,13,>=,45,1,0.17706944612774211,0.0425531914893617,0,0,-2,0
>=,28,>=,13,>=,30,0,0.31891002680211483,5394,0.16565830287767574,0.7454579162031887,0.25454208379681126,0.5166852057842046,0.5978612285501119,0.2789512017479971,0.2732717054144529,0.9167101747489328,0.16108227634286415,>=,28,>=,16,>=,30,0,0.1917494769874477,0.23076923076923078,0,3,0,0
>=,57,>=,8,>=,37,0,0.30756843195843786,1658,0.05091981204508461,0.7370325693606755,0.2629674306393245,0.3528347406513872,0.4337152209492635,0.12614678899082568,0.8966555081232149,0.13061638156076288,0.2226282976567059,>=,59,>=,8,>=,36,1,0.19832535885167468,1.0621147463252727,2,0,-1,1
>=,45,<=,9,>=,23,0,0.20031226806800503,4039,0.1240441018396241,0.6912602129239911,0.3087397870760089,0.19460262441198317,0.25644699140401145,0.056134723336006415,0.7043395473112005,0.4531187617087927,0.09265685943306409,>=,44,<=,9,>=,23,0,0.19491232616394577,0.022222222222222223,-1,0,0,0
>=,45,<=,16,<=,47,1,0.2220260627509587,824,0.025306348085132522,0.7657766990291263,0.2342233009708738,0.6104368932038835,0.6624405705229794,0.44041450777202074,0.7043395473112005,1.0,0.7847731949264457,>=,41,<=,16,<=,47,1,0.1918767507002801,0.08888888888888889,-4,0,0,0
>=,31,<=,15,>=,41,0,0.267920830946336,6268,0.1925002303369061,0.826260370134014,0.17373962986598596,0.4114550095724314,0.4580034755744352,0.19008264462809918,0.35195479254322654,0.9873161143699518,0.7068578974847209,>=,31,<=,15,>=,41,1,0.15486049764428744,1.0,0,0,0,1
<=,52,>=,2,>=,25,1,0.2078882325834695,1969,0.06047111575197322,0.7785678009141697,0.22143219908583037,0.6343321482986287,0.680365296803653,0.4724770642201835,0.8345566782346979,0.00672583765854857,0.12109578944135622,<=,49,>=,2,>=,25,1,0.19852265201457353,0.057692307692307696,-3,0,0,0
>=,28,>=,8,<=,53,1,0.20335174046544613,1905,0.05850557415312797,0.7580052493438321,0.241994750656168,0.668241469816273,0.7174515235457064,0.5140997830802603,0.2732717054144529,0.13061638156076288,0.8935229262000552,>=,29,>=,8,<=,53,1,0.1990773320822582,0.03571428571428571,1,0,0,0
>=,58,>=,4,<=,44,1,0.21460247070003163,313,0.009612726881852524,0.7380191693290735,0.26198083067092653,0.46325878594249204,0.5194805194805194,0.3048780487804878,0.9078959491416111,0.036792481803384416,0.7247320413992199,>=,58,>=,4,<=,39,1,0.15749999999999997,0.11363636363636363,0,0,-5,0
>=,52,>=,7,>=,49,0,0.273803345936195,781,0.023985749823408373,0.8425096030729834,0.15749039692701663,0.4827144686299616,0.5258358662613982,0.25203252032520324,0.8345566782346979,0.11731826418107552,0.8015417216915942,>=,52,>=,7,>=,49,1,0.19583333333333341,1.0,0,0,0,1
>=,26,>=,12,>=,20,0,0.3030130540814343,6822,0.20951444980191025,0.7125476399882732,0.28745236001172675,0.455584872471416,0.5426866899814853,0.239673635900051,0.22100058352016216,0.7522496237830534,0.08992352814716993,>=,26,>=,12,>=,20,1,0.19432773109243695,1.0,0,0,0,1
<=,59,>=,14,>=,42,0,0.3069077688480674,981,0.03012806731979976,0.7951070336391437,0.20489296636085627,0.6768603465851172,0.7397435897435898,0.43283582089552236,0.9187985626977059,0.9696262399803446,0.7135837351432696,<=,59,>=,15,>=,42,0,0.17079779673063256,0.07142857142857142,0,1,0,0
>=,52,>=,6,>=,27,1,0.2131308182263597,575,0.01765916280212524,0.8191304347826087,0.1808695652173913,0.7130434782608696,0.7515923566878981,0.5384615384615384,0.8345566782346979,0.08123214888977612,0.12293848469027364,>=,52,>=,5,>=,29,1,0.19982068141063958,0.24074074074074073,0,-1,2,0
<=,46,>=,8,>=,58,1,0.2639751552795031,179,0.0054973741592702925,0.8994413407821229,0.1005586592178771,0.7374301675977654,0.7639751552795031,0.5,0.7269739872854027,0.13061638156076288,0.9204569884217315,<=,43,>=,8,>=,57,1,0.17234848484848486,0.08245877061469264,-3,0,-1,0
>=,46,>=,8,<=,40,1,0.22895393691853871,608,0.01867264518902982,0.743421052631579,0.2565789473684211,0.6381578947368421,0.6969026548672567,0.46794871794871795,0.7269739872854027,0.13061638156076288,0.7057522803353705,>=,46,>=,8,<=,39,1,0.06941923774954634,0.025,0,0,-1,0
>=,25,<=,16,>=,27,1,0.2079002079002079,2414,0.07413777218144406,0.7970173985086992,0.20298260149130073,0.6657000828500415,0.7079002079002079,0.5,0.19689198734682595,1.0,0.12293848469027364,>=,26,<=,16,>=,24,1,0.1992432040500559,0.1511111111111111,1,0,-3,0
<=,42,<=,10,>=,48,1,0.35477941176470584,177,0.005435950984306379,0.903954802259887,0.096045197740113,0.4971751412429379,0.53125,0.17647058823529413,0.6359141304014004,0.6770369460397407,0.8006510856546175,<=,41,<=,12,>=,48,1,0.1811797752808989,0.22380952380952382,-1,2,0,0
>=,32,<=,13,>=,52,0,0.2687011189622913,2009,0.061699579251251496,0.8576406172224987,0.14235938277750124,0.3773021403683425,0.4155542658154382,0.14685314685314685,0.3773839869782869,0.9167101747489328,0.8927551365130063,>=,31,<=,13,>=,50,1,0.17885872297637007,1.0697115384615385,-1,0,-2,1
>=,41,>=,16,<=,51,0,0.25041459369817576,170,0.00522096987193268,0.788235294117647,0.21176470588235294,0.7529411764705882,0.8059701492537313,0.5555555555555556,0.6119590921654741,1.0,0.8885169374404963,>=,41,>=,15,<=,51,1,0.02857142857142858,1.0625,0,-1,0,1
>=,31,<=,12,>=,24,1,0.2124309727006769,1191,0.03657750069101072,0.7951301427371956,0.20486985726280438,0.5541561712846348,0.5976768743400211,0.38524590163934425,0.35195479254322654,0.7522496237830534,0.10039617947851724,>=,30,<=,14,>=,24,1,0.19783048156478555,0.1989247311827957,-1,2,0,0
>=,36,>=,2,>=,25,0,0.2624133646489891,14418,0.4427996683148552,0.7094603967263143,0.29053960327368566,0.32057150783742544,0.39681298269625576,0.13439961804726666,0.4859494487270047,0.00672583765854857,0.12109578944135622,>=,37,>=,2,>=,24,1,0.1979029685651078,1.0677777777777777,1,0,-1,1
<=,50,>=,7,>=,54,1,0.26535244922341694,301,0.00924418783206904,0.8970099667774086,0.10299003322259136,0.7541528239202658,0.7814814814814814,0.5161290322580645,0.8016031448665581,0.11731826418107552,0.8947821012868156,<=,50,>=,7,>=,50,1,0.17153127246585187,0.07407407407407407,0,0,-4,0
>=,26,>=,3,>=,32,1,0.20586730342827908,2310,0.07094376708332054,0.8047619047619048,0.19523809523809524,0.6800865800865801,0.7202797202797203,0.5144124168514412,0.22100058352016216,0.01695279629004023,0.1694051165504745,>=,26,>=,3,>=,30,1,0.19992119779353823,0.0625,0,0,-2,0
>=,41,<=,16,>=,37,1,0.2260216691506608,1302,0.03998648690150794,0.8517665130568356,0.14823348694316435,0.7365591397849462,0.7700631199278629,0.5440414507772021,0.6119590921654741,1.0,0.2226282976567059,>=,41,<=,16,>=,41,1,0.1932429688293228,0.10810810810810811,0,0,4,0
>=,29,<=,16,>=,28,1,0.2025527192008879,2244,0.06891680230951137,0.803030303030303,0.19696969696969696,0.6920677361853832,0.7319644839067703,0.5294117647058824,0.29824022603728384,1.0,0.12557968121372193,>=,30,<=,16,>=,28,1,0.1999499552791857,0.034482758620689655,1,0,0,0
>=,25,>=,11,<=,58,1,0.21990724474738255,1122,0.03445840115475569,0.7629233511586453,0.23707664884135474,0.7843137254901961,0.8364485981308412,0.6165413533834586,0.19689198734682595,0.7194803599398053,0.9204569884217315,>=,24,>=,12,<=,58,1,0.1992523882043472,0.13090909090909092,-1,1,0,0
<=,48,<=,15,>=,35,1,0.20644886017310737,1626,0.049937041245661985,0.7761377613776138,0.22386223862238622,0.6217712177121771,0.6679873217115689,0.46153846153846156,0.7653941832253309,0.9873161143699518,0.21129572187586376,<=,46,<=,15,>=,35,1,0.19502199630502903,0.041666666666666664,-2,0,0,0
>=,50,<=,14,>=,39,0,0.26995587326401516,4324,0.13279690427198182,0.7483811285846439,0.25161887141535616,0.32978723404255317,0.3977132262051916,0.12775735294117646,0.8016031448665581,0.9696262399803446,0.23841405362243173,>=,50,<=,14,>=,41,1,0.1555271746842628,1.0512820512820513,0,0,2,1
<=,47,>=,14,<=,41,0,0.3091590505621672,722,0.022173766161972912,0.628808864265928,0.37119113573407203,0.4182825484764543,0.5330396475770925,0.22388059701492538,0.7487177912226283,0.9696262399803446,0.7068578974847209,<=,47,>=,14,<=,39,0,0.10648107872988255,0.04878048780487805,0,0,-2,0
>=,34,>=,12,<=,40,0,0.2835103543027726,2920,0.08967783544731427,0.6722602739726027,0.32773972602739726,0.4246575342465753,0.5175751400916964,0.23406478578892373,0.4314670925340131,0.7522496237830534,0.7057522803353705,>=,34,>=,12,<=,39,0,0.12235900273176803,0.025,0,0,-1,0
>=,56,<=,14,>=,42,0,0.2596536136376014,724,0.022235189336936825,0.8314917127071824,0.1685082872928177,0.3798342541436464,0.42358803986710963,0.16393442622950818,0.8856607598046743,0.9696262399803446,0.7135837351432696,>=,56,<=,12,>=,44,0,0.1990116801437556,0.19047619047619047,0,-2,2,0
>=,25,>=,2,>=,43,0,0.2319114473392173,7574,0.2326095635883419,0.8199102191708476,0.18008978082915236,0.38222867705307634,0.42399355877616746,0.19208211143695014,0.19689198734682595,0.00672583765854857,0.7182211848530451,>=,25,>=,2,>=,43,1,0.17218764126995167,1.0,0,0,0,1
<=,47,<=,14,>=,53,1,0.2333333333333334,231,0.007094376708332054,0.9090909090909091,0.09090909090909091,0.6883116883116883,0.7095238095238096,0.47619047619047616,0.7487177912226283,0.9696262399803446,0.8935229262000552,<=,47,<=,14,>=,50,1,0.14729556909651698,0.05660377358490566,0,0,-3,0
>=,46,>=,9,>=,40,0,0.3268113385522005,5449,0.16734744018918338,0.7434391631492017,0.25656083685079834,0.4031932464672417,0.48704023697852383,0.16022889842632332,0.7269739872854027,0.4531187617087927,0.7057522803353705,>=,45,>=,9,>=,41,1,0.19689612015018776,1.0467391304347826,-1,0,1,1
>=,31,<=,7,>=,30,1,0.2165775401069519,124,0.003808236847762661,0.8225806451612904,0.1774193548387097,0.31451612903225806,0.35294117647058826,0.13636363636363635,0.35195479254322654,0.11731826418107552,0.16108227634286415,>=,30,<=,7,>=,31,1,0.1931372549019608,0.06559139784946236,-1,0,1,0
<=,60,>=,8,>=,23,1,0.22177990487692145,2172,0.06670556801081048,0.7817679558011049,0.21823204419889503,0.6712707182320442,0.7196702002355713,0.4978902953586498,0.9283805779920764,0.13061638156076288,0.09265685943306409,<=,58,>=,8,>=,23,0,0.19998239740174106,1.0333333333333334,-2,0,0,-1
>=,33,>=,4,<=,48,0,0.2075602276987139,13740,0.4219772120020884,0.6496360989810771,0.35036390101892284,0.2526200873362445,0.32534169840914184,0.11778147071042792,0.40425662602499923,0.036792481803384416,0.8006510856546175,>=,32,>=,4,<=,47,0,0.1995788465216201,0.05113636363636363,-1,0,-1,0
>=,60,>=,2,>=,20,0,0.22963333630375027,1856,0.05700070636651208,0.6955818965517241,0.30441810344827586,0.2252155172413793,0.2951200619674671,0.06548672566371681,0.9283805779920764,0.00672583765854857,0.08992352814716993,>=,65,>=,2,>=,20,0,0.1915605198616196,0.08333333333333333,5,0,0,0
<=,49,>=,6,>=,29,1,0.21163844845932756,1725,0.05297748840637573,0.7692753623188405,0.23072463768115942,0.6301449275362319,0.678975131876413,0.46733668341708545,0.7831147692024201,0.08123214888977612,0.12579466232609562,<=,45,>=,6,>=,29,1,0.1948191115148974,0.08163265306122448,-4,0,0,0
>=,40,<=,15,<=,41,0,0.20476586770101535,8621,0.2647645956819508,0.634381162278158,0.365618837721842,0.23871940610138034,0.31358566465533005,0.10881979695431472,0.5871441294800528,0.9873161143699518,0.7068578974847209,>=,40,<=,15,<=,39,0,0.09936239334217069,0.04878048780487805,0,0,-2,0
>=,26,>=,10,>=,20,0,0.2744911849868747,12391,0.3805472804889285,0.6886449842627713,0.3113550157372286,0.3601000726333629,0.44556427985468183,0.17107309486780714,0.22100058352016216,0.6770369460397407,0.08992352814716993,>=,26,>=,12,>=,20,1,0.19432773109243695,1.2,0,2,0,1
<=,57,>=,8,>=,50,0,0.21404035847774888,4869,0.14953471944964836,0.8309714520435407,0.16902854795645922,0.3953583898131033,0.4315373208106772,0.2174969623329283,0.8966555081232149,0.13061638156076288,0.8881176868032309,<=,57,>=,8,>=,50,1,0.17696435693825008,1.0,0,0,0,1
>=,58,>=,9,<=,45,0,0.23491875709215576,1899,0.05832130462823623,0.6424433912585571,0.35755660874144285,0.24223275408109532,0.3262295081967213,0.09131075110456553,0.9078959491416111,0.4531187617087927,0.7807499769663094,>=,58,>=,9,<=,39,0,0.15200646377592245,0.13333333333333333,0,0,-6,0
>=,39,<=,16,>=,32,1,0.216446388682055,1536,0.04717299837228586,0.8229166666666666,0.17708333333333334,0.7259114583333334,0.7642405063291139,0.5477941176470589,0.562759129019379,1.0,0.1694051165504745,>=,37,<=,16,>=,30,1,0.1995861968624565,0.11378205128205128,-2,0,-2,0
<=,55,>=,1,>=,51,0,0.2257294172592769,2897,0.08897146893522927,0.8387987573351743,0.1612012426648257,0.3627890921643079,0.3991769547325103,0.1734475374732334,0.874420318786278,0.001566290961579804,0.8885169374404963,<=,54,>=,1,>=,50,0,0.19776174966437743,0.03778966131907308,-1,0,-1,0
>=,56,>=,1,>=,39,0,0.2528816531982204,2289,0.07029882374619945,0.7566622979467016,0.24333770205329838,0.30624726955002185,0.36778290993071594,0.11490125673249552,0.8856607598046743,0.001566290961579804,0.23841405362243173,>=,56,>=,1,>=,41,1,0.15000000000000002,1.0512820512820513,0,0,2,1
<=,54,>=,9,>=,23,1,0.21813054146113514,1960,0.060194711464635606,0.7770408163265307,0.2229591836734694,0.6637755102040817,0.7124097176625082,0.494279176201373,0.8615521636313381,0.4531187617087927,0.09265685943306409,<=,54,>=,9,>=,23,0,0.19462377495251298,1.0,0,0,0,-1
<=,45,>=,5,>=,51,0,0.20995420583273078,2204,0.0676883388102331,0.8366606170598911,0.16333938294010888,0.3312159709618875,0.36550976138828634,0.15555555555555556,0.7043395473112005,0.05257823776911028,0.8885169374404963,<=,45,>=,5,>=,50,0,0.18630461943996862,0.0196078431372549,0,0,-1,0
<=,54,>=,11,>=,29,0,0.2876713982114402,7544,0.23168821596388317,0.6858430540827147,0.31415694591728527,0.38759278897136795,0.47796675686122925,0.19029535864978903,0.8615521636313381,0.7194803599398053,0.12579466232609562,<=,54,>=,9,>=,29,0,0.19720469939341534,0.18181818181818182,0,-2,0,0
>=,36,>=,11,>=,40,1,0.21777409820888072,907,0.027855409846134948,0.836824696802646,0.1631753031973539,0.8511576626240352,0.8866930171277997,0.668918918918919,0.4859494487270047,0.7194803599398053,0.7057522803353705,>=,36,>=,11,>=,41,1,0.1471861471861472,0.025,0,0,1,0
>=,33,>=,8,>=,49,0,0.25175864316284785,3740,0.11486133718251897,0.8497326203208556,0.15026737967914439,0.4772727272727273,0.5151038388923852,0.26334519572953735,0.40425662602499923,0.13061638156076288,0.8015417216915942,>=,33,>=,8,>=,49,1,0.15694621518248808,1.0,0,0,0,1
>=,51,>=,9,>=,52,1,0.22720797720797714,121,0.00371610208531679,0.8925619834710744,0.10743801652892562,0.8181818181818182,0.8425925925925926,0.6153846153846154,0.8198765394183225,0.4531187617087927,0.8927551365130063,>=,51,>=,9,>=,53,1,0.17948717948717952,0.019230769230769232,0,0,1,0
>=,42,<=,10,>=,26,0,0.21379079414198654,6579,0.20205153404379472,0.6912904696762426,0.3087095303237574,0.23149414804681562,0.2974934036939314,0.08370260955194485,0.6359141304014004,0.6770369460397407,0.12201713706581493,>=,42,<=,9,>=,26,0,0.18482519069657288,0.1,0,-1,0,0
>=,34,>=,7,>=,56,0,0.25773754176586594,1570,0.0482171923466724,0.8617834394904459,0.13821656050955414,0.44331210191082804,0.4789356984478936,0.22119815668202766,0.4314670925340131,0.11731826418107552,0.9190749669850434,>=,34,>=,7,>=,57,1,0.1913310690603267,1.0178571428571428,0,0,1,1
>=,43,>=,1,>=,37,1,0.24610016420361247,1154,0.03544117195417831,0.854419410745234,0.14558058925476602,0.7400346620450606,0.7758620689655172,0.5297619047619048,0.6595620527625073,0.001566290961579804,0.2226282976567059,>=,42,>=,1,>=,41,1,0.18193362193362195,0.13136392206159647,-1,0,4,0
>=,41,>=,4,>=,56,0,0.2869491619491619,1090,0.03347563035533307,0.8587155963302753,0.14128440366972478,0.44770642201834865,0.48824786324786323,0.2012987012987013,0.6119590921654741,0.036792481803384416,0.9190749669850434,>=,41,>=,4,>=,56,1,0.1939306358381503,1.0,0,0,0,1
>=,39,<=,13,>=,21,0,0.24845461218124737,10945,0.3361383249900187,0.699223389675651,0.300776610324349,0.28277752398355416,0.3575068600548804,0.10905224787363305,0.562759129019379,0.9167101747489328,0.0906606062467369,>=,35,<=,12,>=,21,0,0.1950023269688453,0.1794871794871795,-4,-1,0,0
>=,38,<=,12,>=,49,0,0.24242935958642217,1810,0.05558797334234206,0.8513812154696132,0.14861878453038674,0.35138121546961326,0.38741077222582737,0.1449814126394052,0.5376984736341022,0.7522496237830534,0.8015417216915942,>=,37,<=,13,>=,49,1,0.19502931219552466,1.1096491228070176,-1,1,0,1
>=,45,>=,8,>=,44,0,0.3406631922803878,2320,0.07125088295814011,0.8228448275862069,0.1771551724137931,0.5017241379310344,0.5620743844944998,0.22141119221411193,0.7043395473112005,0.13061638156076288,0.7247320413992199,>=,45,>=,8,>=,44,1,0.19872899612236106,1.0,0,0,0,1
>=,28,<=,11,>=,25,1,0.2196210885938349,1197,0.03676177021590246,0.7969924812030075,0.20300751879699247,0.5371762740183793,0.5817610062893082,0.36213991769547327,0.2732717054144529,0.7194803599398053,0.12109578944135622,>=,28,<=,9,>=,25,1,0.1666344829361861,0.18181818181818182,0,-2,0,0
<=,50,>=,14,<=,52,0,0.33905193135446365,1292,0.03967937102668837,0.6888544891640866,0.3111455108359133,0.5270897832817337,0.6325842696629214,0.2935323383084577,0.8016031448665581,0.9696262399803446,0.8927551365130063,<=,49,>=,16,<=,52,0,0.18267374517374513,0.16285714285714284,-1,2,0,0
>=,48,<=,13,<=,49,0,0.21852477825909603,5324,0.16350849175393875,0.653831705484598,0.34616829451540193,0.22426746806912096,0.29991381786842863,0.08138903960933261,0.7653941832253309,0.9167101747489328,0.8015417216915942,>=,48,<=,12,<=,49,0,0.19340070078813143,0.07692307692307693,0,-1,0,0
>=,60,>=,5,>=,34,1,0.26518973459091905,241,0.007401492583151623,0.8049792531120332,0.1950207468879668,0.6390041493775933,0.6907216494845361,0.425531914893617,0.9283805779920764,0.05257823776911028,0.1714627929117656,>=,59,>=,5,>=,36,1,0.19268292682926824,0.07549019607843137,-1,0,2,0
<=,46,>=,3,>=,58,0,0.20748943815178184,1652,0.05073554252019287,0.8456416464891041,0.15435835351089588,0.33232445520581116,0.36435218324982105,0.1568627450980392,0.7269739872854027,0.01695279629004023,0.9204569884217315,<=,45,>=,3,>=,59,0,0.197636815920398,0.038980509745127435,-1,0,1,0
<=,54,>=,3,>=,56,1,0.25491051942383236,266,0.008169282270200546,0.8909774436090225,0.10902255639097744,0.7443609022556391,0.7721518987341772,0.5172413793103449,0.8615521636313381,0.01695279629004023,0.9190749669850434,<=,54,>=,3,>=,50,1,0.16004440361353545,0.10714285714285714,0,0,-6,0
>=,48,<=,16,>=,54,0,0.2580902586681343,747,0.022941555849021834,0.8460508701472557,0.1539491298527443,0.4444444444444444,0.48417721518987344,0.22608695652173913,0.7653941832253309,1.0,0.8947821012868156,>=,49,<=,16,>=,54,1,0.178921568627451,1.0208333333333333,1,0,0,1
>=,28,>=,7,<=,52,0,0.2133610544309796,17678,0.5429194435060348,0.6652901911980993,0.33470980880190065,0.26988347098088017,0.3412975087152453,0.12793645428426567,0.2732717054144529,0.11731826418107552,0.8927551365130063,>=,28,>=,7,<=,49,0,0.19672686502246634,0.057692307692307696,0,0,-3,0
>=,25,>=,11,<=,48,1,0.2262628043795386,797,0.024477135223119683,0.7314930991217063,0.2685069008782936,0.740276035131744,0.8010291595197255,0.5747663551401869,0.19689198734682595,0.7194803599398053,0.8006510856546175,>=,24,>=,12,<=,48,1,0.1944703324013669,0.13090909090909092,-1,1,0,0
>=,30,>=,7,>=,24,0,0.2476902684630146,17612,0.5408924787322257,0.7031001589825119,0.29689984101748806,0.31069725187372244,0.3842364532019704,0.13654618473895583,0.3246829028592488,0.11731826418107552,0.10039617947851724,>=,30,>=,6,>=,24,1,0.19951316833014543,1.1428571428571428,0,-1,0,1
>=,47,>=,3,>=,58,0,0.2907085691977357,639,0.019624704400970486,0.8528951486697965,0.14710485133020346,0.4287949921752739,0.47155963302752296,0.18085106382978725,0.7487177912226283,0.01695279629004023,0.9204569884217315,>=,47,>=,3,>=,58,1,0.1847290640394088,1.0,0,0,0,1
>=,37,>=,14,<=,59,0,0.3760037662969918,1367,0.04198274008783514,0.723482077542063,0.2765179224579371,0.6159473299195318,0.7199191102123357,0.3439153439153439,0.5122999907865238,0.9696262399803446,0.9206105463591413,>=,37,>=,14,<=,59,1,0.1543837688416001,1.0,0,0,0,1
<=,53,>=,13,>=,24,0,0.3062436824233074,5666,0.17401185467276803,0.6967878573949876,0.30321214260501234,0.4339922343805154,0.5268490374873354,0.22060535506402795,0.848806854826326,0.9167101747489328,0.10039617947851724,<=,53,>=,16,>=,24,0,0.15418994413407827,0.23076923076923078,0,3,0,0
>=,36,<=,13,>=,28,0,0.24127717496421802,12653,0.3885937164092012,0.7081324587054454,0.29186754129455467,0.28404330988698334,0.35446428571428573,0.1131871107500677,0.4859494487270047,0.9167101747489328,0.12557968121372193,>=,35,<=,12,>=,28,0,0.19681277491641616,0.1047008547008547,-1,-1,0,0
>=,59,>=,10,>=,37,0,0.3053892215568862,668,0.020515340437947237,0.75,0.25,0.42065868263473055,0.49700598802395207,0.19161676646706588,0.9187985626977059,0.6770369460397407,0.2226282976567059,>=,57,>=,10,>=,36,1,0.18668831168831168,1.0609253321117729,-2,0,-1,1
>=,39,>=,13,>=,22,0,0.3502495213765818,3385,0.10395872362642425,0.7630723781388479,0.23692762186115215,0.5627769571639586,0.645760743321719,0.2955112219451372,0.562759129019379,0.9167101747489328,0.092011916095943,>=,39,>=,13,>=,22,1,0.18609957730146265,1.0,0,0,0,1
