age_th,edu_th,hours_th,gain_val,original_spd,selected_rows,selectivity,male_ratio,female_ratio,positive_rate,male_positive_rate,female_positive_rate,age_percentile,edu_percentile,hours_percentile,repair_age_th,repair_edu_th,repair_hours_th,repair_gain_val,repair_spd,distance,delta_age,delta_edu,delta_hours,delta_gain
31,8,22,0,0.25716922515657564,16449,0.5051749024907097,0.7042373396559062,0.2957626603440939,0.3229375645935923,0.3989986187845304,0.14182939362795477,0.35195479254322654,0.13061638156076288,0.092011916095943,30,8,22,1,0.19708173937712314,1.032258064516129,-1,0,0,1
41,10,44,1,0.30411407199625995,209,0.006418721783729001,0.8899521531100478,0.11004784688995216,0.4880382775119617,0.521505376344086,0.21739130434782608,0.6119590921654741,0.6770369460397407,0.7247320413992199,41,10,40,1,0.1887990762124711,0.09090909090909091,0,0,-4,0
45,9,59,0,0.23586256263421615,287,0.008814225607321643,0.8850174216027874,0.11498257839721254,0.29965156794425085,0.32677165354330706,0.09090909090909091,0.7043395473112005,0.4531187617087927,0.9206105463591413,45,9,61,0,0.1746031746031746,0.03389830508474576,0,0,2,0
41,11,25,1,0.20587671180329126,728,0.022358035686864654,0.820054945054945,0.17994505494505494,0.5810439560439561,0.6180904522613065,0.4122137404580153,0.6119590921654741,0.7194803599398053,0.12109578944135622,40,11,25,1,0.1978889976233748,0.024390243902439025,-1,0,0,0
60,10,38,0,0.26367839100181106,425,0.013052424679831701,0.6329411764705882,0.36705882352941177,0.21176470588235294,0.30855018587360594,0.04487179487179487,0.9283805779920764,0.6770369460397407,0.23724701329811737,60,9,38,0,0.16968062673329332,0.1,0,-1,0,0
45,12,46,0,0.2161139801948005,3986,0.12241638770308037,0.5998494731560462,0.40015052684395386,0.28198695434019067,0.3684650773734839,0.1523510971786834,0.7043395473112005,0.7522496237830534,0.7832683271398299,45,12,44,0,0.1883731691135192,0.043478260869565216,0,0,-2,0
33,15,39,1,0.22777526508869794,1771,0.05439022143054575,0.8322981366459627,0.16770186335403728,0.7114624505928854,0.7496607869742198,0.5218855218855218,0.40425662602499923,0.9873161143699518,0.23841405362243173,33,15,41,1,0.17135378358499542,0.05128205128205128,0,0,2,0
59,13,22,1,0.2397336293007769,123,0.003777525260280704,0.8617886178861789,0.13821138211382114,0.8536585365853658,0.8867924528301887,0.6470588235294118,0.9187985626977059,0.9167101747489328,0.092011916095943,58,13,22,1,0.18695652173913047,0.01694915254237288,-1,0,0,0
45,9,41,1,0.22135736196319017,643,0.019747550750898315,0.7465007776049767,0.2534992223950233,0.6376360808709176,0.69375,0.4723926380368098,0.7043395473112005,0.4531187617087927,0.7068578974847209,45,9,39,1,0.08237704918032784,0.04878048780487805,0,0,-2,0
59,13,47,0,0.20385719707618388,5102,0.1566905193329443,0.833202665621325,0.16679733437867503,0.31909055272442177,0.3530933897906375,0.1492361927144536,0.9187985626977059,0.9167101747489328,0.7847731949264457,59,13,49,0,0.19842754367934226,0.0425531914893617,0,0,2,0
57,11,30,1,0.2301183750336292,1137,0.03491907496698504,0.7783641160949868,0.22163588390501318,0.7941952506596306,0.8451977401129943,0.6150793650793651,0.8966555081232149,0.7194803599398053,0.16108227634286415,57,14,30,1,0.1631646443721022,0.2727272727272727,0,3,0,0
38,10,30,1,0.21957471294431513,615,0.018887626301403518,0.71869918699187,0.2813008130081301,0.6260162601626016,0.6877828054298643,0.4682080924855491,0.5376984736341022,0.6770369460397407,0.16108227634286415,38,9,30,1,0.18823285398230089,0.1,0,-1,0,0
47,15,36,1,0.20620391558606666,1519,0.0466509013850926,0.7880184331797235,0.2119815668202765,0.6221198156682027,0.6658312447786132,0.45962732919254656,0.7487177912226283,0.9873161143699518,0.2180522711218943,46,15,36,1,0.19446188980873536,0.02127659574468085,-1,0,0,0
59,16,51,0,0.20960815888352125,208,0.006388010196247044,0.7788461538461539,0.22115384615384615,0.7067307692307693,0.7530864197530864,0.5434782608695652,0.9187985626977059,1.0,0.8885169374404963,59,16,52,0,0.19527476830700952,0.0196078431372549,0,0,1,0
55,12,51,1,0.27421602787456445,233,0.007155799883295968,0.8798283261802575,0.12017167381974249,0.8841201716738197,0.9170731707317074,0.6428571428571429,0.874420318786278,0.7522496237830534,0.8885169374404963,55,12,50,1,0.18514181628935733,0.0196078431372549,0,0,-1,0
47,10,57,0,0.3538602941176471,387,0.011885384355517337,0.834625322997416,0.165374677002584,0.5297157622739018,0.5882352941176471,0.234375,0.7487177912226283,0.6770369460397407,0.9195970639722367,49,10,55,1,0.17231222385861555,1.0776409107876073,2,0,-2,1
40,9,60,0,0.2526610644257703,402,0.012346058167746692,0.8880597014925373,0.11194029850746269,0.291044776119403,0.31932773109243695,0.06666666666666667,0.5871441294800528,0.4531187617087927,0.9659101378950278,37,9,61,0,0.1903545193229,0.09166666666666666,-3,0,1,0
56,14,49,1,0.22720550025982328,362,0.011117594668468412,0.7430939226519337,0.2569060773480663,0.48066298342541436,0.5390334572490706,0.3118279569892473,0.8856607598046743,0.9696262399803446,0.8015417216915942,58,14,47,1,0.19879518072289154,0.07653061224489796,2,0,-2,0
52,6,60,1,0.2200284832240887,1905,0.05850557415312797,0.7511811023622047,0.24881889763779527,0.6251968503937008,0.6799440950384347,0.459915611814346,0.8345566782346979,0.08123214888977612,0.9659101378950278,52,6,60,0,0.16819055500519195,1.0,0,0,0,-1
46,9,45,0,0.32181628675077156,2031,0.06237523417585455,0.826686361398326,0.17331363860167406,0.5046774987690793,0.5604526503871352,0.23863636363636365,0.7269739872854027,0.4531187617087927,0.7807499769663094,47,9,45,1,0.19293218720152816,1.0217391304347827,1,0,0,1
51,10,40,1,0.2510157216039569,384,0.011793249593071466,0.8671875,0.1328125,0.8255208333333334,0.8588588588588588,0.6078431372549019,0.8198765394183225,0.6770369460397407,0.7057522803353705,51,10,41,1,0.09304812834224596,0.025,0,0,1,0
38,12,41,0,0.2687853749440421,2777,0.08528607843739443,0.8170687792581923,0.1829312207418077,0.3298523586604249,0.37902159541648306,0.11023622047244094,0.5376984736341022,0.7522496237830534,0.7068578974847209,38,14,41,1,0.1804607508532423,1.1666666666666667,0,2,0,1
43,12,44,1,0.22777777777777786,312,0.009582015294370565,0.7692307692307693,0.23076923076923078,0.8141025641025641,0.8666666666666667,0.6388888888888888,0.6595620527625073,0.7522496237830534,0.7247320413992199,43,13,44,1,0.16350301984469373,0.08333333333333333,0,1,0,0
30,16,42,0,0.25640224486609253,6659,0.2045084610423513,0.8262501877158732,0.17374981228412675,0.4158282024327977,0.46037804434751,0.20397579948141745,0.3246829028592488,1.0,0.7135837351432696,30,16,42,1,0.1467252103915112,1.0,0,0,0,1
55,11,53,0,0.2633729706400664,7055,0.21667024968520623,0.6473423104181432,0.35265768958185684,0.3485471296952516,0.4414276330194876,0.17805466237942122,0.874420318786278,0.7194803599398053,0.8935229262000552,55,9,53,0,0.17253930758769065,0.18181818181818182,0,-2,0,0
27,2,22,0,0.2134895367399492,21481,0.6597156106999171,0.7015502071598156,0.29844979284018436,0.2733112983566873,0.33702720637027206,0.12353766963032288,0.2466447590675962,0.00672583765854857,0.092011916095943,23,2,22,0,0.19593717958244994,0.14814814814814814,-4,0,0,0
47,13,54,1,0.20741687979539647,1263,0.03878873498971162,0.7268408551068883,0.27315914489311166,0.5217735550277118,0.5784313725490197,0.3710144927536232,0.7487177912226283,0.9167101747489328,0.8947821012868156,46,13,54,1,0.19818787610920346,0.02127659574468085,-1,0,0,0
53,8,30,1,-0.2140232700551133,117,0.0035932557353889625,0.39316239316239315,0.6068376068376068,0.28205128205128205,0.15217391304347827,0.36619718309859156,0.848806854826326,0.13061638156076288,0.16108227634286415,55,8,30,1,-0.18119139547710975,0.03773584905660377,2,0,0,0
50,13,55,1,0.2168674698795181,294,0.009029206719695341,0.8469387755102041,0.15306122448979592,0.8503401360544217,0.8835341365461847,0.6666666666666666,0.8016031448665581,0.9167101747489328,0.9160959429992936,50,13,54,1,0.19949443882709805,0.01818181818181818,0,0,-1,0
28,13,34,0,0.20555264775978332,17543,0.5387733791959707,0.716012084592145,0.283987915407855,0.2561705523570655,0.31454502030093145,0.10899237254114813,0.2732717054144529,0.9167101747489328,0.1714627929117656,27,13,35,0,0.19987865062987387,0.06512605042016806,-1,0,1,0
37,11,58,0,0.2714755860030895,814,0.02499923221031295,0.871007371007371,0.128992628992629,0.3316953316953317,0.36671368124118475,0.09523809523809523,0.5122999907865238,0.7194803599398053,0.9204569884217315,37,11,63,0,0.19621318373071528,0.08620689655172414,0,0,5,0
56,5,41,1,0.2353081019399011,327,0.01004268910659992,0.7308868501529052,0.2691131498470948,0.5015290519877675,0.5648535564853556,0.32954545454545453,0.8856607598046743,0.05257823776911028,0.7068578974847209,56,5,39,1,0.16127110228401192,0.04878048780487805,0,0,-2,0
52,11,32,1,0.21164021164021163,333,0.010226958631491662,0.8108108108108109,0.1891891891891892,0.5525525525525525,0.5925925925925926,0.38095238095238093,0.8345566782346979,0.7194803599398053,0.1694051165504745,55,11,32,1,0.1857520786092215,0.057692307692307696,3,0,0,0
27,1,21,1,0.20233582295988928,2357,0.07238721169497252,0.7955027577428935,0.2044972422571065,0.6775562155282139,0.7189333333333333,0.516597510373444,0.2466447590675962,0.001566290961579804,0.0906606062467369,26,1,21,1,0.19959592973119467,0.037037037037037035,-1,0,0,0
53,12,42,1,0.24372759856630832,102,0.003132581923159608,0.9117647058823529,0.08823529411764706,0.6666666666666666,0.6881720430107527,0.4444444444444444,0.848806854826326,0.7522496237830534,0.7135837351432696,49,12,42,1,0.19798657718120805,0.07547169811320754,-4,0,0,0
57,4,32,1,0.22305525934432502,2108,0.06474002641196523,0.7922201138519924,0.2077798861480076,0.6584440227703985,0.7047904191616766,0.4817351598173516,0.8966555081232149,0.036792481803384416,0.1694051165504745,57,4,32,0,0.19096365165836207,1.0,0,0,0,-1
55,16,58,0,0.27952421410365336,258,0.007923589570344891,0.8294573643410853,0.17054263565891473,0.3682170542635659,0.4158878504672897,0.13636363636363635,0.874420318786278,1.0,0.9204569884217315,55,16,61,0,0.17184942716857612,0.05172413793103448,0,0,3,0
38,2,41,0,0.20431089075590353,9624,0.29556831792635363,0.6343516209476309,0.3656483790523691,0.24355777223607647,0.31826371826371824,0.11395282750781471,0.5376984736341022,0.00672583765854857,0.7068578974847209,37,2,41,0,0.1986196393530576,0.02631578947368421,-1,0,0,0
49,15,52,0,0.27801216557379826,676,0.020761033137802892,0.8476331360946746,0.15236686390532544,0.42011834319526625,0.462478184991274,0.18446601941747573,0.7831147692024201,0.9873161143699518,0.8927551365130063,49,15,53,1,0.18914285714285706,1.0192307692307692,0,0,1,1
47,11,29,0,0.3699457363862533,2096,0.06437148736218175,0.7562022900763359,0.24379770992366412,0.5419847328244275,0.6321766561514196,0.2622309197651663,0.7487177912226283,0.7194803599398053,0.12579466232609562,47,11,31,1,0.19434218174772333,1.0689655172413792,0,0,2,1
45,8,52,1,0.2196620583717358,207,0.006357298608765087,0.8985507246376812,0.10144927536231885,0.8164251207729468,0.8387096774193549,0.6190476190476191,0.7043395473112005,0.13061638156076288,0.8927551365130063,45,8,50,1,0.19282585337631208,0.038461538461538464,0,0,-2,0
27,14,60,1,0.2206293706293706,246,0.007555050520561408,0.8943089430894309,0.10569105691056911,0.7357723577235772,0.759090909090909,0.5384615384615384,0.2466447590675962,0.9696262399803446,0.9659101378950278,29,14,60,1,0.17592592592592593,0.07407407407407407,2,0,0,0
37,8,35,1,0.2188034642155039,1588,0.048770000921347624,0.8173803526448362,0.18261964735516373,0.7512594458438288,0.7912172573189522,0.5724137931034483,0.5122999907865238,0.13061638156076288,0.21129572187586376,37,8,41,1,0.16796338672768873,0.17142857142857143,0,0,6,0
49,9,34,0,0.20513693473094274,2773,0.0851632320874666,0.7266498377208799,0.27335016227912007,0.20447169130905157,0.26054590570719605,0.055408970976253295,0.7831147692024201,0.4531187617087927,0.1714627929117656,51,9,34,0,0.19888724733431828,0.04081632653061224,2,0,0,0
32,5,39,1,0.22990150302613677,1856,0.05700070636651208,0.8313577586206896,0.16864224137931033,0.724676724137931,0.7634478289047311,0.5335463258785943,0.3773839869782869,0.05257823776911028,0.23841405362243173,32,5,41,1,0.16926564344746164,0.05128205128205128,0,0,2,0
29,9,42,0,0.21693037401788626,2519,0.07736248886704954,0.8455736403334657,0.15442635966653434,0.2425565700674871,0.27605633802816903,0.05912596401028278,0.29824022603728384,0.4531187617087927,0.7135837351432696,29,9,40,0,0.1454466013692094,0.047619047619047616,0,0,-2,0
59,10,57,1,0.2457820337437301,1389,0.04265839501243819,0.7429805615550756,0.2570194384449244,0.7120230381569475,0.7751937984496124,0.5294117647058824,0.9187985626977059,0.6770369460397407,0.9195970639722367,59,12,57,1,0.19402481791205828,0.2,0,2,0,0
46,13,32,0,0.3045948214094585,4542,0.13949203034304844,0.691545574636724,0.3084544253632761,0.4090708938793483,0.5030245144858325,0.198429693076374,0.7269739872854027,0.9167101747489328,0.1694051165504745,43,13,32,1,0.19837443428465873,1.065217391304348,-3,0,0,1
26,13,39,0,0.33434356875586424,5267,0.1617579312674672,0.7434972470096829,0.25650275299031705,0.5061704955382571,0.5919305413687436,0.25758697261287933,0.22100058352016216,0.9167101747489328,0.23841405362243173,26,15,41,0,0.148202614379085,0.20512820512820512,0,2,2,0
43,7,38,1,0.2614448051948053,1084,0.033291360830441326,0.8523985239852399,0.14760147601476015,0.7666051660516605,0.8051948051948052,0.54375,0.6595620527625073,0.11731826418107552,0.23724701329811737,42,7,41,1,0.17986126232618915,0.102203182374541,-1,0,3,0
51,15,52,0,0.3172077148980078,379,0.011639691655661682,0.7730870712401056,0.22691292875989447,0.6754617414248021,0.7474402730375427,0.43023255813953487,0.8198765394183225,0.9873161143699518,0.8927551365130063,51,16,52,0,0.18553719008264458,0.06666666666666667,0,1,0,0
26,7,53,0,0.24408446542357726,2650,0.08138570682718589,0.8441509433962264,0.15584905660377357,0.40943396226415096,0.44747429593205185,0.2033898305084746,0.22100058352016216,0.11731826418107552,0.8935229262000552,26,7,50,1,0.15281757402101248,1.0566037735849056,0,0,-3,1
58,12,38,0,0.30991789819376026,437,0.013420963729615184,0.8009153318077803,0.19908466819221968,0.5125858123569794,0.5742857142857143,0.26436781609195403,0.9078959491416111,0.7522496237830534,0.23724701329811737,58,12,38,1,0.14402515723270448,1.0,0,0,0,1
43,11,52,0,0.36229927017906915,2942,0.09035349037191732,0.7263766145479266,0.27362338545207343,0.49422161794697483,0.5933551708001872,0.231055900621118,0.6595620527625073,0.7194803599398053,0.8927551365130063,43,13,52,1,0.17633906872752025,1.1818181818181819,0,2,0,1
45,13,35,1,0.20283059518493274,1213,0.03725315561561377,0.7765869744435284,0.22341302555647155,0.5523495465787304,0.5976645435244161,0.3948339483394834,0.7043395473112005,0.9167101747489328,0.21129572187586376,45,13,36,1,0.1942620223459774,0.02857142857142857,0,0,1,0
43,15,32,0,0.2625152625152626,345,0.010595497681275145,0.7913043478260869,0.20869565217391303,0.6521739130434783,0.706959706959707,0.4444444444444444,0.6595620527625073,0.9873161143699518,0.1694051165504745,43,16,32,0,0.19600257898130236,0.06666666666666667,0,1,0,0
42,14,34,0,0.3432020385246609,953,0.029268142870304967,0.7145855194123819,0.28541448058761804,0.5246589716684156,0.6226138032305433,0.27941176470588236,0.6359141304014004,0.9696262399803446,0.1714627929117656,41,16,34,0,0.19469879518072286,0.16666666666666666,-1,2,0,0
59,4,29,1,0.21505973881633783,303,0.009305611007032954,0.8052805280528053,0.19471947194719472,0.6138613861386139,0.6557377049180327,0.4406779661016949,0.9187985626977059,0.036792481803384416,0.12579466232609562,58,4,29,1,0.1933667781493868,0.01694915254237288,-1,0,0,0
48,1,45,0,0.27672199339341785,1892,0.058106323515862535,0.8361522198731501,0.1638477801268499,0.4571881606765328,0.5025284450063211,0.22580645161290322,0.7653941832253309,0.001566290961579804,0.7807499769663094,48,1,45,1,0.16267465069860287,1.0,0,0,0,1
29,9,39,1,0.21939778829880996,1918,0.05890482479039342,0.8274244004171012,0.17257559958289886,0.7283628779979145,0.7662255828607435,0.5468277945619335,0.29824022603728384,0.4531187617087927,0.23841405362243173,29,9,41,1,0.15652145192720546,0.05128205128205128,0,0,2,0
52,11,53,0,0.20961717441211145,1647,0.05058198458278308,0.8621736490588949,0.13782635094110504,0.25561627200971465,0.28450704225352114,0.07488986784140969,0.8345566782346979,0.7194803599398053,0.8935229262000552,50,11,53,0,0.19855698216111806,0.038461538461538464,-2,0,0,0
28,8,49,0,0.23126067297704905,4537,0.13933847240563865,0.8428476967158915,0.15715230328410845,0.44456689442362796,0.48091004184100417,0.2496493688639551,0.2732717054144529,0.13061638156076288,0.8015417216915942,28,8,49,1,0.15841088605615083,1.0,0,0,0,1
57,14,29,1,0.22143479833711882,1983,0.06090107797672062,0.7801311144730206,0.21986888552697934,0.6222894604135148,0.6709760827407886,0.44954128440366975,0.8966555081232149,0.9696262399803446,0.12579466232609562,57,14,29,0,0.17491562599157626,1.0,0,0,0,-1
28,10,60,1,0.22930082382990968,1593,0.04892355885875741,0.77338355304457,0.22661644695543,0.7645951035781544,0.8165584415584416,0.5872576177285319,0.2732717054144529,0.6770369460397407,0.9659101378950278,29,11,60,1,0.19047619047619047,0.13571428571428573,1,1,0,0
46,16,43,1,0.21975662133142443,684,0.021006725837658547,0.7426900584795322,0.2573099415204678,0.5950292397660819,0.6515748031496063,0.4318181818181818,0.7269739872854027,1.0,0.7182211848530451,46,16,39,1,0.07471264367816094,0.09302325581395349,0,0,-4,0
47,12,34,1,0.21547775199273533,753,0.023125825373913576,0.7742363877822045,0.22576361221779548,0.8021248339973439,0.8507718696397941,0.6352941176470588,0.7487177912226283,0.7522496237830534,0.1714627929117656,43,12,34,1,0.1809725429817809,0.0851063829787234,-4,0,0,0
47,13,41,0,0.36745075168481073,787,0.024170019348300115,0.8170266836086404,0.18297331639135958,0.6543837357052097,0.7216174183514774,0.3541666666666667,0.7487177912226283,0.9167101747489328,0.7068578974847209,47,15,41,0,0.06746031746031744,0.15384615384615385,0,2,0,0
45,12,41,0,0.28715744618323413,1708,0.05245539141918246,0.8173302107728337,0.18266978922716628,0.3436768149882904,0.3961318051575931,0.10897435897435898,0.7043395473112005,0.7522496237830534,0.7068578974847209,49,12,41,1,0.19798657718120805,1.0888888888888888,4,0,0,1
52,12,44,0,0.29095426280248804,2668,0.08193851540186112,0.79047976011994,0.20952023988005997,0.5341079460269865,0.5950687529634898,0.3041144901610018,0.8345566782346979,0.7522496237830534,0.7247320413992199,52,15,44,0,0.1311154598825831,0.25,0,3,0,0
52,12,56,1,0.25396825396825395,255,0.00783145480789902,0.8235294117647058,0.17647058823529413,0.8313725490196079,0.8761904761904762,0.6222222222222222,0.8345566782346979,0.7522496237830534,0.9190749669850434,51,13,54,1,0.19146930599740775,0.1382783882783883,-1,1,-2,0
55,13,35,1,0.2426881397023305,1648,0.050612696170265044,0.7973300970873787,0.20266990291262135,0.5976941747572816,0.6468797564687976,0.4041916167664671,0.874420318786278,0.9167101747489328,0.21129572187586376,55,13,41,1,0.1936454849498328,0.17142857142857143,0,0,6,0
52,10,45,1,0.2295682997523818,850,0.026104849359663403,0.6835294117647058,0.3164705882352941,0.6364705882352941,0.7091222030981067,0.4795539033457249,0.8345566782346979,0.6770369460397407,0.7807499769663094,52,9,45,1,0.1966755487882248,0.1,0,-1,0,0
58,6,54,1,0.24090462143559488,375,0.011516845305733853,0.904,0.096,0.7733333333333333,0.7964601769911505,0.5555555555555556,0.9078959491416111,0.08123214888977612,0.8947821012868156,58,6,50,1,0.17353881043191421,0.07407407407407407,0,0,-4,0
29,15,60,1,0.20617960795301365,2216,0.06805687786001659,0.7775270758122743,0.22247292418772563,0.6592960288808665,0.7051654091700522,0.49898580121703856,0.29824022603728384,0.9873161143699518,0.9659101378950278,29,15,54,1,0.19794321210369759,0.1,0,0,-6,0
57,16,23,1,0.2140097477239984,2192,0.06731979976044962,0.7833029197080292,0.2166970802919708,0.645529197080292,0.6919044845661037,0.47789473684210526,0.8966555081232149,1.0,0.09265685943306409,57,16,23,0,0.1809971002775338,1.0,0,0,0,-1
27,11,43,0,0.22055191999012225,4352,0.1336568287214766,0.8363970588235294,0.1636029411764706,0.2743566176470588,0.31043956043956045,0.0898876404494382,0.2466447590675962,0.7194803599398053,0.7182211848530451,27,11,40,0,0.16726826070037892,0.06976744186046512,0,0,-3,0
25,6,36,1,0.21874300111982092,2186,0.06713553023555788,0.8170173833485819,0.18298261665141813,0.6912168344007319,0.7312430011198209,0.5125,0.19689198734682595,0.08123214888977612,0.2180522711218943,25,6,41,1,0.1699965241571081,0.1388888888888889,0,0,5,0
26,11,56,1,0.21125737045929116,1103,0.033874880992598506,0.7669990933816863,0.23300090661831369,0.7923844061650045,0.8416075650118203,0.6303501945525292,0.22100058352016216,0.7194803599398053,0.9190749669850434,26,12,56,1,0.1964912280701755,0.09090909090909091,0,1,0,0
33,11,50,0,0.230182129136833,2321,0.07128159454562207,0.8655751831107281,0.13442481688927185,0.32744506678155966,0.3583872573419612,0.1282051282051282,0.40425662602499923,0.7194803599398053,0.8881176868032309,33,8,50,0,0.07586456635886293,0.2727272727272727,0,-3,0,0
32,6,49,0,0.23850921677533604,4050,0.12438192930192561,0.8503703703703703,0.14962962962962964,0.46024691358024694,0.4959349593495935,0.25742574257425743,0.3773839869782869,0.08123214888977612,0.8015417216915942,32,6,49,1,0.16136517998641609,1.0,0,0,0,1
57,12,24,0,0.20189182024917338,2000,0.06142317496391388,0.687,0.313,0.201,0.26419213973799127,0.06230031948881789,0.8966555081232149,0.7522496237830534,0.10039617947851724,58,12,24,0,0.19393858438339492,0.017543859649122806,1,0,0,0
34,6,51,0,0.24220358628928448,14070,0.43211203587113417,0.6690120824449183,0.3309879175550817,0.2947405828002843,0.3749070434505471,0.1327034571612626,0.4314670925340131,0.08123214888977612,0.8885169374404963,34,6,49,1,0.195899120037051,1.0392156862745099,0,0,-2,1
60,1,46,1,0.237962962962963,291,0.00893707195724947,0.7422680412371134,0.25773195876288657,0.44329896907216493,0.5046296296296297,0.26666666666666666,0.9283805779920764,0.001566290961579804,0.7832683271398299,60,1,46,0,0.1863991464429093,1.0,0,0,0,-1
38,14,60,0,0.2910178156871951,1139,0.03498049814194896,0.8630377524143986,0.1369622475856014,0.398595258999122,0.43845371312309256,0.14743589743589744,0.5376984736341022,0.9696262399803446,0.9659101378950278,39,14,60,1,0.19025875190258745,1.0263157894736843,1,0,0,1
57,13,55,1,0.23283828639997511,1658,0.05091981204508461,0.7515078407720145,0.24849215922798554,0.5633293124246079,0.6211878009630819,0.3883495145631068,0.8966555081232149,0.9167101747489328,0.9160959429992936,57,13,55,0,0.14208713401177753,1.0,0,0,0,-1
38,14,21,1,0.20365344992210666,1503,0.04615951598538128,0.8023952095808383,0.19760479041916168,0.6852960745176314,0.7255389718076285,0.5218855218855218,0.5376984736341022,0.9696262399803446,0.0906606062467369,37,14,21,1,0.19853896831443552,0.02631578947368421,-1,0,0,0
54,5,40,0,0.22782959635033384,2959,0.0908755873591106,0.639743156471781,0.360256843528219,0.22642784724569112,0.3085050184891706,0.08067542213883677,0.8615521636313381,0.05257823776911028,0.7057522803353705,54,5,39,0,0.14368757822356484,0.025,0,0,-1,0
48,9,20,1,0.24427936988429289,823,0.025275636497650564,0.818955042527339,0.181044957472661,0.7302551640340219,0.7744807121661721,0.5302013422818792,0.7653941832253309,0.4531187617087927,0.08992352814716993,48,12,20,1,0.19894800539961832,0.3333333333333333,0,3,0,0
52,13,51,0,0.34643287377861054,1016,0.031202972881668255,0.7627952755905512,0.2372047244094488,0.5049212598425197,0.5870967741935483,0.24066390041493776,0.8345566782346979,0.9167101747489328,0.8885169374404963,52,13,51,1,0.18535469107551483,1.0,0,0,0,1
28,12,58,1,0.20836960577042657,1252,0.038450907527410094,0.755591054313099,0.24440894568690097,0.5103833865814696,0.5613107822410148,0.35294117647058826,0.2732717054144529,0.7522496237830534,0.9204569884217315,27,12,58,1,0.19993514135173446,0.03571428571428571,-1,0,0,0
37,13,28,1,0.22598118055940697,1342,0.04121495040078622,0.815946348733234,0.184053651266766,0.6661698956780924,0.7077625570776256,0.4817813765182186,0.5122999907865238,0.9167101747489328,0.12557968121372193,37,11,29,1,0.1999236058059588,0.18956043956043955,0,-2,1,0
43,9,42,1,0.2251446925850732,724,0.022235189336936825,0.7472375690607734,0.2527624309392265,0.643646408839779,0.7005545286506469,0.47540983606557374,0.6595620527625073,0.4531187617087927,0.7135837351432696,41,9,42,1,0.19186328610080844,0.046511627906976744,-2,0,0,0
50,13,27,1,0.21974717722140402,1500,0.04606738122293541,0.776,0.224,0.5693333333333334,0.6185567010309279,0.39880952380952384,0.8016031448665581,0.9167101747489328,0.12293848469027364,50,12,27,1,0.19938113959329,0.07692307692307693,0,-1,0,0
26,1,30,0,0.21141714224978808,21611,0.6637081170725715,0.7061681551061959,0.2938318448938041,0.2713432973948452,0.3334643863442763,0.1220472440944882,0.22100058352016216,0.001566290961579804,0.16108227634286415,23,1,30,0,0.19792804138995962,0.11538461538461539,-3,0,0,0
55,4,20,1,0.2221303039703761,2155,0.06618347102361721,0.774013921113689,0.2259860788863109,0.6380510440835266,0.6882494004796164,0.46611909650924027,0.874420318786278,0.036792481803384416,0.08992352814716993,55,4,20,0,0.17719386834350398,1.0,0,0,0,-1
45,13,56,0,0.24559045375622324,7514,0.23076686833942447,0.6688847484695235,0.33111525153047644,0.2575192973116849,0.33883804218066055,0.0932475884244373,0.7043395473112005,0.9167101747489328,0.9190749669850434,42,12,56,0,0.19667191623204452,0.14358974358974358,-3,-1,0,0
47,16,60,0,0.20957937263635823,1699,0.052178987131844844,0.848145968216598,0.151854031783402,0.3366686286050618,0.3684941013185288,0.15891472868217055,0.7487177912226283,1.0,0.9659101378950278,46,16,61,0,0.1953416641443623,0.03794326241134752,-1,0,1,0
57,14,57,1,0.2185663532631285,1859,0.057092841128957954,0.743410435718128,0.25658956428187196,0.5922538999462076,0.6483357452966715,0.429769392033543,0.8966555081232149,0.9696262399803446,0.9195970639722367,57,14,57,0,0.15398964066424042,1.0,0,0,0,-1
50,14,57,0,0.36583941118547325,562,0.0172599121648598,0.7455516014234875,0.25444839857651247,0.6014234875444839,0.6945107398568019,0.32867132867132864,0.8016031448665581,0.9696262399803446,0.9195970639722367,50,14,57,1,0.10554621848739498,1.0,0,0,0,1
28,13,45,0,0.2919971183659739,2478,0.0761033137802893,0.8099273607748184,0.1900726392251816,0.6101694915254238,0.6656701544593921,0.37367303609341823,0.2732717054144529,0.9167101747489328,0.7807499769663094,28,15,45,0,0.1440124988512086,0.15384615384615385,0,2,0,0
25,8,26,1,0.21058136046404619,2270,0.06971530358404227,0.7960352422907488,0.2039647577092511,0.6903083700440529,0.7332595462091865,0.5226781857451404,0.19689198734682595,0.13061638156076288,0.12201713706581493,29,8,24,1,0.1990632318501171,0.23692307692307693,4,0,-2,0
30,13,31,0,0.21405470770026586,16399,0.5036393231166119,0.7142508689554241,0.2857491310445759,0.2642844075858284,0.32545035430718006,0.11139564660691421,0.3246829028592488,0.9167101747489328,0.16123583428027394,30,12,31,0,0.18008608853963376,0.07692307692307693,0,-1,0,0
42,11,41,0,0.3505359008807284,1493,0.045852400110561714,0.8158070997990623,0.1841929002009377,0.6168787675820495,0.6814449917898193,0.33090909090909093,0.6359141304014004,0.7194803599398053,0.7068578974847209,42,11,41,1,0.15941568751984758,1.0,0,0,0,1
52,15,34,0,0.406021897810219,161,0.004944565584595067,0.8509316770186336,0.14906832298136646,0.7204968944099379,0.781021897810219,0.375,0.8345566782346979,0.9873161143699518,0.1714627929117656,52,14,34,1,0.09942244224422447,1.0666666666666667,0,-1,0,1
53,7,34,1,-0.20103199174406605,142,0.004361045422437886,0.4014084507042254,0.5985915492957746,0.29577464788732394,0.17543859649122806,0.3764705882352941,0.848806854826326,0.11731826418107552,0.1714627929117656,54,7,34,1,-0.1928696668614845,0.018867924528301886,1,0,0,0
41,2,44,0,0.2985150527165024,3514,0.1079205184115967,0.8261240751280592,0.1738759248719408,0.4610130904951622,0.5129176713744402,0.2144026186579378,0.6119590921654741,0.00672583765854857,0.7247320413992199,41,2,43,1,0.19377730703031903,1.0227272727272727,0,0,-1,1
45,11,26,0,0.38607524999027276,2627,0.08067934031510089,0.75256947087933,0.24743052912066996,0.5397792158355539,0.635306019221042,0.24923076923076923,0.7043395473112005,0.7194803599398053,0.12201713706581493,45,13,26,1,0.16489361702127658,1.1818181818181819,0,2,0,1
28,14,59,1,0.2054813793295583,1982,0.06087036638923866,0.7593340060544904,0.24066599394550958,0.6256306760847629,0.6750830564784053,0.469601677148847,0.2732717054144529,0.9696262399803446,0.9206105463591413,26,14,58,1,0.19987948966492886,0.0883777239709443,-2,0,-1,0
59,11,58,0,0.2718812632481875,7701,0.2365099351985504,0.6584859109206597,0.34151408907934033,0.36268017140631087,0.455531453362256,0.18365019011406844,0.9187985626977059,0.7194803599398053,0.9204569884217315,59,9,58,0,0.18478132992520563,0.18181818181818182,0,-2,0,0
27,11,23,0,0.30229375618336096,7468,0.22935413531525445,0.7153186930905195,0.28468130690948046,0.44389394750937333,0.5299513290902284,0.22765757290686736,0.2466447590675962,0.7194803599398053,0.09265685943306409,29,11,23,1,0.19009173532659474,1.074074074074074,2,0,0,1
55,11,47,0,0.20085592288283627,3433,0.10543287982555818,0.8447422079813575,0.1552577920186426,0.2484707253131372,0.2796551724137931,0.07879924953095685,0.874420318786278,0.7194803599398053,0.7847731949264457,56,11,47,0,0.1964571629654765,0.01818181818181818,1,0,0,0
32,8,59,0,0.26255943766797607,1592,0.04889284727127545,0.8680904522613065,0.13190954773869346,0.44221105527638194,0.4768451519536903,0.21428571428571427,0.3773839869782869,0.13061638156076288,0.9206105463591413,32,8,59,1,0.19590228526398734,1.0,0,0,0,1
48,9,59,0,0.29798475117846185,506,0.015540063265870213,0.8557312252964426,0.1442687747035573,0.46047430830039526,0.5034642032332564,0.2054794520547945,0.7653941832253309,0.4531187617087927,0.9206105463591413,47,9,59,1,0.18891855807743652,1.0208333333333333,-1,0,0,1
35,11,50,1,0.20532245532245536,931,0.028592487945701912,0.7679914070891515,0.23200859291084855,0.518796992481203,0.5664335664335665,0.3611111111111111,0.45837044316820735,0.7194803599398053,0.8881176868032309,35,11,49,1,0.1807756197291081,0.02,0,0,-1,0
54,15,24,1,0.20729524789649872,2027,0.06225238782592672,0.7789837197829305,0.22101628021706957,0.6324617661568821,0.6782773907536416,0.47098214285714285,0.8615521636313381,0.9873161143699518,0.10039617947851724,49,15,24,1,0.1961442786069652,0.09259259259259259,-5,0,0,0
45,1,39,1,0.2513199138626292,994,0.0305273179570652,0.858148893360161,0.14185110663983905,0.7334004024144869,0.7690504103165299,0.5177304964539007,0.7043395473112005,0.001566290961579804,0.23841405362243173,45,1,41,1,0.19920534585515615,0.05128205128205128,0,0,2,0
54,9,36,1,0.24029078844652607,397,0.012192500230336906,0.8463476070528967,0.15365239294710328,0.7279596977329975,0.7648809523809523,0.5245901639344263,0.8615521636313381,0.4531187617087927,0.2180522711218943,59,9,36,1,0.19919786096256686,0.09259259259259259,5,0,0,0
53,14,47,0,0.34214352283317795,1095,0.033629188292742855,0.6621004566210046,0.3378995433789954,0.4968036529680365,0.6124137931034482,0.2702702702702703,0.848806854826326,0.9696262399803446,0.7847731949264457,53,14,47,1,0.1521388216303471,1.0,0,0,0,1
56,8,55,0,0.25857200484066156,238,0.007309357820705752,0.8445378151260504,0.15546218487394958,0.40756302521008403,0.44776119402985076,0.1891891891891892,0.8856607598046743,0.13061638156076288,0.9160959429992936,56,10,56,0,0.19387755102040816,0.2681818181818182,0,2,1,0
25,8,53,0,0.24503852211018826,2645,0.08123214888977612,0.8446124763705104,0.1553875236294896,0.4113421550094518,0.4494180841539839,0.20437956204379562,0.19689198734682595,0.13061638156076288,0.8935229262000552,25,8,50,1,0.16903346704535482,1.0566037735849056,0,0,-3,1
52,1,33,1,-0.23030303030303031,148,0.004545314947329628,0.40540540540540543,0.5945945945945946,0.2702702702702703,0.13333333333333333,0.36363636363636365,0.8345566782346979,0.001566290961579804,0.17060286846227082,54,1,33,1,-0.19479166666666664,0.038461538461538464,2,0,0,0
42,10,25,0,0.21199959738466057,6701,0.20579834771659347,0.6881062527980898,0.31189374720191015,0.22817489926876586,0.29429624810236393,0.08229665071770335,0.6359141304014004,0.6770369460397407,0.12109578944135622,42,9,25,0,0.1831516127247233,0.1,0,-1,0,0
25,4,54,1,0.22067669172932336,422,0.01296028991738583,0.9004739336492891,0.0995260663507109,0.7701421800947867,0.7921052631578948,0.5714285714285714,0.19689198734682595,0.036792481803384416,0.8947821012868156,25,4,50,1,0.1576732845698362,0.07407407407407407,0,0,-4,0
53,5,27,1,0.23053665910808763,530,0.01627714136543718,0.8150943396226416,0.18490566037735848,0.6981132075471698,0.7407407407407407,0.5102040816326531,0.848806854826326,0.05257823776911028,0.12293848469027364,52,5,29,1,0.19982068141063958,0.09294199860237595,-1,0,2,0
33,4,46,0,0.2470819093832926,4383,0.13460888793341727,0.8443988135979923,0.15560118640200776,0.44763860369609854,0.48608484193461227,0.23900293255131966,0.40425662602499923,0.036792481803384416,0.7832683271398299,33,4,46,1,0.1477125593439792,1.0,0,0,0,1
51,11,43,1,0.20715323166303556,477,0.014649427228893461,0.6792452830188679,0.32075471698113206,0.689727463312369,0.7561728395061729,0.5490196078431373,0.8198765394183225,0.7194803599398053,0.7182211848530451,53,11,43,1,0.198046165194394,0.0392156862745098,2,0,0,0
56,14,24,1,0.21280815350871435,1980,0.06080894321427475,0.7742424242424243,0.22575757575757577,0.6166666666666667,0.6647097195042401,0.4519015659955257,0.8856607598046743,0.9696262399803446,0.10039617947851724,56,14,24,0,0.17024528114725312,1.0,0,0,0,-1
25,11,24,1,0.21898501719815777,1281,0.03934154356438684,0.7876658860265418,0.21233411397345825,0.804839968774395,0.8513379583746283,0.6323529411764706,0.19689198734682595,0.7194803599398053,0.10039617947851724,26,12,24,1,0.19856160100062537,0.13090909090909092,1,1,0,0
44,7,43,0,0.3458744154396328,2628,0.08071005190258285,0.8162100456621004,0.18378995433789955,0.4893455098934551,0.5529137529137529,0.2070393374741201,0.6817972420994441,0.11731826418107552,0.7182211848530451,45,7,43,1,0.19248826291079812,1.0227272727272727,1,0,0,1
55,14,51,0,0.23647027513920735,2702,0.08298270937624766,0.840858623242043,0.15914137675795706,0.3360473723168024,0.37367957746478875,0.1372093023255814,0.874420318786278,0.9696262399803446,0.8885169374404963,54,13,50,0,0.19906877049734192,0.10921823274764451,-1,-1,-1,0
49,12,26,0,0.2327516936161796,4308,0.13230551887227052,0.7019498607242339,0.298050139275766,0.2404828226555246,0.3098544973544973,0.07710280373831775,0.7831147692024201,0.7522496237830534,0.12201713706581493,49,9,26,0,0.19773713999700576,0.25,0,-3,0,0
38,11,24,1,0.20483008156708615,911,0.027978256196062774,0.8090010976948409,0.19099890230515917,0.849615806805708,0.8887381275440976,0.6839080459770115,0.5376984736341022,0.7194803599398053,0.10039617947851724,34,11,24,1,0.1972670016598076,0.10526315789473684,-4,0,0,0
50,8,55,1,0.24779874213836484,295,0.009059918307177298,0.8983050847457628,0.1016949152542373,0.7559322033898305,0.7811320754716982,0.5333333333333333,0.8016031448665581,0.13061638156076288,0.9160959429992936,50,8,50,1,0.16829004329004327,0.09090909090909091,0,0,-5,0
59,10,53,1,0.21828952814569536,1011,0.031049414944258467,0.7467853610286844,0.2532146389713155,0.4559841740850643,0.5112582781456954,0.29296875,0.9187985626977059,0.6770369460397407,0.8935229262000552,59,10,49,1,0.1899617871840094,0.07547169811320754,0,0,-4,0
56,2,47,1,0.23629385964912286,383,0.01176253800558951,0.7519582245430809,0.24804177545691905,0.4934725848563969,0.5520833333333334,0.3157894736842105,0.8856607598046743,0.00672583765854857,0.7847731949264457,57,2,47,0,0.1992228044859624,1.0178571428571428,1,0,0,-1
31,16,51,0,0.24358130348913754,235,0.007217223058259881,0.7914893617021277,0.20851063829787234,0.723404255319149,0.7741935483870968,0.5306122448979592,0.35195479254322654,1.0,0.8885169374404963,31,15,51,1,-0.034545454545454546,1.0625,0,-1,0,1
38,11,38,1,0.21633941093969145,768,0.02358649918614293,0.8385416666666666,0.16145833333333334,0.5846354166666666,0.6195652173913043,0.4032258064516129,0.5376984736341022,0.7194803599398053,0.23724701329811737,40,11,37,1,0.19977823538729605,0.07894736842105263,2,0,-1,0
48,12,44,1,0.24145917776491022,358,0.010994748318540585,0.8770949720670391,0.12290502793296089,0.5754189944134078,0.6050955414012739,0.36363636363636365,0.7653941832253309,0.7522496237830534,0.7247320413992199,46,12,43,1,0.19724375538329025,0.06439393939393939,-2,0,-1,0
44,13,55,0,0.2465613592533707,7966,0.244648505881269,0.6687170474516696,0.3312829525483304,0.25809691187547074,0.339778486953257,0.09321712769988633,0.6817972420994441,0.9167101747489328,0.9160959429992936,43,12,54,0,0.19850040485596895,0.11783216783216785,-1,-1,-1,0
46,10,36,0,0.37236066598098105,3425,0.10518718712570253,0.7360583941605839,0.26394160583941606,0.482043795620438,0.5803252677508925,0.2079646017699115,0.7269739872854027,0.6770369460397407,0.2180522711218943,47,11,36,1,0.19376451670537786,1.1217391304347826,1,1,0,1
47,10,42,0,0.27412783295136234,1319,0.040508583888701204,0.8248673237300985,0.17513267626990145,0.33434420015163,0.38235294117647056,0.10822510822510822,0.7487177912226283,0.6770369460397407,0.7135837351432696,47,8,42,0,0.07987711213517665,0.2,0,-2,0,0
58,7,49,0,0.32560590094836667,344,0.010564786093793188,0.8488372093023255,0.1511627906976744,0.43023255813953487,0.4794520547945205,0.15384615384615385,0.9078959491416111,0.11731826418107552,0.8015417216915942,57,7,49,1,0.15213675213675215,1.0172413793103448,-1,0,0,1
42,11,55,1,0.21360228841980672,696,0.02137526488744203,0.7873563218390804,0.21264367816091953,0.5330459770114943,0.5784671532846716,0.36486486486486486,0.6359141304014004,0.7194803599398053,0.9160959429992936,41,11,55,1,0.19477196885428255,0.023809523809523808,-1,0,0,0
28,14,27,1,0.2083795844685884,2078,0.06381867878750652,0.7911453320500481,0.2088546679499519,0.6602502406159769,0.7037712895377128,0.49539170506912444,0.2732717054144529,0.9696262399803446,0.12293848469027364,29,14,24,1,0.19820278724710372,0.1468253968253968,1,0,-3,0
37,4,54,1,0.2093240093240094,316,0.009704861644298395,0.9050632911392406,0.0949367088607595,0.8227848101265823,0.8426573426573427,0.6333333333333333,0.5122999907865238,0.036792481803384416,0.8947821012868156,37,4,56,1,0.18949308755760363,0.037037037037037035,0,0,2,0
48,16,51,0,0.21962616822429903,141,0.004330333834955929,0.7588652482269503,0.24113475177304963,0.6666666666666666,0.719626168224299,0.5,0.7653941832253309,1.0,0.8885169374404963,48,16,52,0,0.19867724867724867,0.0196078431372549,0,0,1,0
49,16,27,1,0.20330409975411684,1761,0.05408310555572617,0.7705848949460534,0.22941510505394663,0.619534355479841,0.6661753868828297,0.4628712871287129,0.7831147692024201,1.0,0.12293848469027364,46,16,27,1,0.19186938812251053,0.061224489795918366,-3,0,0,0
58,12,38,0,0.32670855727402504,6228,0.19127176683762784,0.7130700064226075,0.2869299935773924,0.4372190109184329,0.530961495158748,0.204252937884723,0.9078959491416111,0.7522496237830534,0.23724701329811737,58,12,41,1,0.17575757575757578,1.0789473684210527,0,0,3,1
48,14,54,0,0.2811545104291218,683,0.020976014250176592,0.8477306002928258,0.15226939970717424,0.41142020497803805,0.4542314335060449,0.17307692307692307,0.7653941832253309,0.9696262399803446,0.8947821012868156,49,14,54,1,0.173656618610747,1.0208333333333333,1,0,0,1
26,7,42,0,0.24593557191194296,7191,0.22084702558275238,0.8174106522041441,0.18258934779585592,0.40133500208594075,0.44624021776114325,0.2003046458492003,0.22100058352016216,0.11731826418107552,0.7135837351432696,26,7,42,1,0.16910036741969514,1.0,0,0,0,1
41,13,56,1,0.21587301587301588,114,0.0035011209729430915,0.9210526315789473,0.07894736842105263,0.7543859649122807,0.7714285714285715,0.5555555555555556,0.6119590921654741,0.9167101747489328,0.9190749669850434,41,14,56,1,0.18382352941176472,0.07692307692307693,0,1,0,0
33,12,27,1,0.20596926713947994,980,0.030097355732317803,0.8081632653061225,0.19183673469387755,0.863265306122449,0.9027777777777778,0.6968085106382979,0.40425662602499923,0.7522496237830534,0.12293848469027364,34,12,27,1,0.19980407189709515,0.030303030303030304,1,0,0,0
51,12,59,0,0.3086245255856563,701,0.021528822824851815,0.8074179743223966,0.19258202567760344,0.5306704707560628,0.5901060070671378,0.2814814814814815,0.8198765394183225,0.7522496237830534,0.9206105463591413,51,15,59,0,0.13713713713713716,0.25,0,3,0,0
27,14,36,0,0.21340319554951806,18659,0.5730475108258346,0.7238330028404524,0.2761669971595477,0.27439841363417117,0.3333333333333333,0.11993013778381525,0.2466447590675962,0.9696262399803446,0.2180522711218943,27,13,35,0,0.19987865062987387,0.0992063492063492,0,-1,-1,0
60,13,41,0,0.21112255891613071,7110,0.21835938699671387,0.8142053445850914,0.18579465541490858,0.3081575246132208,0.34738296769735705,0.13626040878122633,0.9283805779920764,0.9167101747489328,0.7068578974847209,60,13,40,0,0.1736541193580871,0.024390243902439025,0,0,-1,0
51,14,43,0,0.32352249200075284,860,0.02641196523448297,0.641860465116279,0.3581395348837209,0.4511627906976744,0.5670289855072463,0.2435064935064935,0.8198765394183225,0.9696262399803446,0.7182211848530451,51,14,39,0,0.11965008675534988,0.09302325581395349,0,0,-4,0
54,13,54,0,0.25285714285714284,302,0.009274899419550996,0.8344370860927153,0.16556291390728478,0.3509933774834437,0.39285714285714285,0.14,0.8615521636313381,0.9167101747489328,0.8947821012868156,54,12,55,0,0.19678506611355978,0.09544159544159544,0,-1,1,0
56,1,60,1,0.22085205042747424,2123,0.0652007002241946,0.7574187470560527,0.24258125294394725,0.6255299105040037,0.6791044776119403,0.458252427184466,0.8856607598046743,0.001566290961579804,0.9659101378950278,56,1,60,0,0.16870562644694426,1.0,0,0,0,-1
53,9,43,0,0.2653156104055282,2824,0.08672952304904641,0.6363314447592068,0.3636685552407932,0.25743626062322944,0.35392320534223703,0.08860759493670886,0.848806854826326,0.4531187617087927,0.7182211848530451,53,9,39,0,0.16273584905660377,0.09302325581395349,0,0,-4,0
40,8,52,1,0.22390708609726495,1243,0.03817450324007248,0.7835880933226066,0.2164119066773934,0.6958970233306516,0.74435318275154,0.5204460966542751,0.5871441294800528,0.13061638156076288,0.8927551365130063,41,8,49,1,0.19989199389206846,0.0826923076923077,1,0,-3,0
28,9,58,0,0.2250541330339559,17588,0.5401554006326587,0.6708551284967023,0.3291448715032977,0.2848533090743689,0.3589287227731164,0.13387458973916047,0.2732717054144529,0.4531187617087927,0.9204569884217315,23,9,58,0,0.1994248211924079,0.17857142857142858,-5,0,0,0
57,13,34,0,0.23987596129992556,2006,0.061607444488805625,0.7228315054835494,0.27716849451645065,0.2597208374875374,0.32620689655172413,0.08633093525179857,0.8966555081232149,0.9167101747489328,0.1714627929117656,57,12,34,1,0.1666009204470743,1.0769230769230769,0,-1,0,1
51,14,21,0,0.3627317955676165,523,0.016062160253063482,0.768642447418738,0.23135755258126195,0.6424474187380497,0.7263681592039801,0.36363636363636365,0.8198765394183225,0.9696262399803446,0.0906606062467369,51,14,21,1,0.07620922384701911,1.0,0,0,0,1
53,13,52,1,0.2407467532467532,211,0.006480144958692915,0.8341232227488151,0.16587677725118483,0.8293838862559242,0.8693181818181818,0.6285714285714286,0.848806854826326,0.9167101747489328,0.8927551365130063,51,13,52,1,0.1908595784986975,0.03773584905660377,-2,0,0,0
55,12,55,1,0.22570850599996073,1158,0.03556401830410614,0.7452504317789291,0.2547495682210708,0.47668393782383417,0.5341830822711472,0.30847457627118646,0.874420318786278,0.7522496237830534,0.9160959429992936,49,12,55,1,0.19821634062140392,0.10909090909090909,-6,0,0,0
58,13,43,0,0.353410740203193,185,0.005681643684162034,0.8594594594594595,0.14054054054054055,0.572972972972973,0.6226415094339622,0.2692307692307692,0.9078959491416111,0.9167101747489328,0.7182211848530451,54,13,43,1,0.1578525641025641,1.0689655172413792,-4,0,0,1
57,2,48,0,0.2047423710887559,5672,0.17419612419765979,0.8296897038081805,0.17031029619181948,0.36759520451339917,0.40246493837654057,0.19772256728778467,0.8966555081232149,0.00672583765854857,0.8006510856546175,56,2,49,0,0.19936582259443988,0.038377192982456135,-1,0,1,0
33,12,21,1,0.20930413171792484,1120,0.03439697797979178,0.7928571428571428,0.20714285714285716,0.5625,0.6058558558558559,0.39655172413793105,0.40425662602499923,0.7522496237830534,0.0906606062467369,33,9,21,1,0.1735659280213736,0.25,0,-3,0,0
30,12,41,0,0.32321504678958585,2652,0.08144713000214981,0.8107088989441931,0.18929110105580693,0.6006787330316742,0.661860465116279,0.3386454183266932,0.3246829028592488,0.7522496237830534,0.7068578974847209,30,15,41,0,0.12884585350616895,0.25,0,3,0,0
56,10,21,1,0.25046350409092744,1498,0.0460059580479715,0.7703604806408545,0.22963951935914553,0.7336448598130841,0.791161178509532,0.5406976744186046,0.8856607598046743,0.6770369460397407,0.0906606062467369,56,9,21,0,0.1987329934690487,1.1,0,-1,0,-1
48,12,33,1,0.20609332527937185,778,0.023893615060962502,0.7737789203084833,0.2262210796915167,0.8071979434447301,0.8538205980066446,0.6477272727272727,0.7653941832253309,0.7522496237830534,0.17060286846227082,43,12,33,1,0.1784821215258422,0.10416666666666667,-5,0,0,0
53,13,30,0,0.37089646464646464,902,0.02770185190872516,0.7804878048780488,0.21951219512195122,0.5521064301552107,0.6335227272727273,0.26262626262626265,0.848806854826326,0.9167101747489328,0.16108227634286415,53,13,30,1,0.17333532397730655,1.0,0,0,0,1
29,12,51,1,0.24201541850220265,259,0.007954301157826848,0.8764478764478765,0.12355212355212356,0.8996138996138996,0.9295154185022027,0.6875,0.29824022603728384,0.7522496237830534,0.8885169374404963,29,12,50,1,0.13560559062876332,0.0196078431372549,0,0,-1,0
45,5,49,0,0.2859541049749631,1746,0.053622431743496825,0.8367697594501718,0.16323024054982818,0.49541809851088203,0.5420944558521561,0.256140350877193,0.7043395473112005,0.05257823776911028,0.8015417216915942,45,5,49,1,0.18701089148850347,1.0,0,0,0,1
53,11,20,1,0.25754812563323204,277,0.008507109732502073,0.8483754512635379,0.15162454873646208,0.8375451263537906,0.8765957446808511,0.6190476190476191,0.848806854826326,0.7194803599398053,0.08992352814716993,53,12,20,1,0.19444444444444442,0.09090909090909091,0,1,0,0
55,14,30,0,0.3680578788892606,1762,0.054113817143208134,0.7230419977298524,0.27695800227014755,0.5919409761634506,0.6938775510204082,0.32581967213114754,0.874420318786278,0.9696262399803446,0.16108227634286415,55,16,30,0,0.1715500090432267,0.14285714285714285,0,2,0,0
37,3,38,0,0.27662103977893454,12056,0.3702588986824729,0.7375580623755806,0.26244193762441936,0.3468812209688122,0.4194781826360774,0.14285714285714285,0.5122999907865238,0.01695279629004023,0.23724701329811737,37,3,41,1,0.16299843711913742,1.0789473684210527,0,0,3,1
48,5,55,0,0.26106442577030814,700,0.02149811123736986,0.85,0.15,0.46,0.4991596638655462,0.23809523809523808,0.7653941832253309,0.05257823776911028,0.9160959429992936,48,5,61,0,0.19556505476890196,0.10909090909090909,0,0,6,0
37,13,34,0,0.23174609650477626,2743,0.0842418844630079,0.6481954064892453,0.35180459351075466,0.3149835946044477,0.3965129358830146,0.16476683937823836,0.5122999907865238,0.9167101747489328,0.1714627929117656,34,13,34,0,0.1890723375693734,0.08108108108108109,-3,0,0,0
52,16,54,0,0.22365466511807974,2615,0.08031080126531741,0.8432122370936902,0.15678776290630975,0.3617590822179732,0.3968253968253968,0.17317073170731706,0.8345566782346979,1.0,0.8947821012868156,51,16,50,0,0.19675799277130848,0.0933048433048433,-1,0,-4,0
32,9,56,0,0.2302550431703338,695,0.021344553299960076,0.8820143884892087,0.11798561151079137,0.2762589928057554,0.3034257748776509,0.07317073170731707,0.3773839869782869,0.4531187617087927,0.9190749669850434,32,9,61,0,0.1942285356919503,0.08928571428571429,0,0,5,0
54,4,22,1,0.20598782022930634,2070,0.06357298608765087,0.7801932367149759,0.21980676328502416,0.6420289855072464,0.6873065015479877,0.48131868131868133,0.8615521636313381,0.036792481803384416,0.092011916095943,49,4,22,1,0.19746331580862153,0.09259259259259259,-5,0,0,0
60,2,58,0,0.20702468448947323,2153,0.0661220478486533,0.6702275894101254,0.3297724105898746,0.19368323269856014,0.26195426195426197,0.054929577464788736,0.9283805779920764,0.00672583765854857,0.9204569884217315,62,2,58,0,0.1808301240907146,0.03333333333333333,2,0,0,0
51,10,56,0,0.28332569857993584,273,0.008384263382574246,0.8644688644688645,0.13553113553113552,0.326007326007326,0.3644067796610169,0.08108108108108109,0.8198765394183225,0.6770369460397407,0.9190749669850434,51,10,61,0,0.15510204081632653,0.08928571428571429,0,0,5,0
50,11,35,0,0.2395520633657637,3604,0.11068456128497282,0.7136514983351832,0.28634850166481685,0.24944506104328523,0.31804043545878696,0.07848837209302326,0.8016031448665581,0.7194803599398053,0.21129572187586376,51,9,35,0,0.1992530946789473,0.2018181818181818,1,-2,0,0
41,6,53,1,0.22180851063829787,259,0.007954301157826848,0.9073359073359073,0.09266409266409266,0.8262548262548263,0.8468085106382979,0.625,0.6119590921654741,0.08123214888977612,0.8935229262000552,41,6,56,1,0.19210526315789467,0.05660377358490566,0,0,3,0
25,8,52,1,0.21596921596921592,422,0.01296028991738583,0.8957345971563981,0.10426540284360189,0.7843601895734598,0.8068783068783069,0.5909090909090909,0.19689198734682595,0.13061638156076288,0.8927551365130063,25,8,50,1,0.16903346704535482,0.038461538461538464,0,0,-2,0
38,14,37,0,0.26823324561275586,11095,0.3407450631123123,0.7297881928796756,0.27021180712032444,0.3271744028841821,0.39965419291095466,0.1314209472981988,0.5376984736341022,0.9696262399803446,0.2226282976567059,38,14,41,1,0.1804607508532423,1.1081081081081081,0,0,4,1
48,10,50,1,0.39495798319327724,213,0.006541568133656829,0.92018779342723,0.07981220657276995,0.539906103286385,0.5714285714285714,0.17647058823529413,0.7653941832253309,0.6770369460397407,0.8881176868032309,48,9,50,1,0.13782051282051283,0.1,0,-1,0,0
37,16,58,0,0.29556488032515427,1350,0.041460643100641875,0.8651851851851852,0.1348148148148148,0.43703703703703706,0.4768835616438356,0.1813186813186813,0.5122999907865238,1.0,0.9204569884217315,37,16,57,1,0.19333333333333336,1.0172413793103448,0,0,-1,1
42,7,58,1,0.22368421052631582,171,0.005251681459414637,0.8888888888888888,0.1111111111111111,0.8304093567251462,0.8552631578947368,0.631578947368421,0.6359141304014004,0.11731826418107552,0.9204569884217315,39,7,58,1,0.19947443860487335,0.07142857142857142,-3,0,0,0
49,4,44,0,0.2038257599898031,6407,0.19676914099689813,0.8116122990479163,0.18838770095208365,0.33775557983455595,0.37615384615384617,0.17232808616404308,0.7831147692024201,0.036792481803384416,0.7247320413992199,47,4,44,0,0.19851485449319872,0.04081632653061224,-2,0,0,0
39,2,53,1,0.20388615216201422,289,0.008875648782285556,0.903114186851211,0.09688581314878893,0.8269896193771626,0.8467432950191571,0.6428571428571429,0.562759129019379,0.00672583765854857,0.8935229262000552,39,2,50,1,0.1729323308270676,0.05660377358490566,0,0,-3,0
54,11,28,0,0.22903508771929826,227,0.006971530358404226,0.6696035242290749,0.3303964757709251,0.24669603524229075,0.3223684210526316,0.09333333333333334,0.8615521636313381,0.7194803599398053,0.12557968121372193,52,11,28,0,0.19367915942748404,0.037037037037037035,-2,0,0,0
38,6,24,1,0.20271260997067453,1630,0.05005988759558982,0.8098159509202454,0.1901840490797546,0.7319018404907975,0.7704545454545455,0.567741935483871,0.5376984736341022,0.08123214888977612,0.10039617947851724,37,4,24,1,0.19712519674369633,0.35964912280701755,-1,-2,0,0
33,12,59,0,0.28540129151291516,638,0.019593992813488528,0.8495297805642633,0.15047021943573669,0.5862068965517241,0.6291512915129152,0.34375,0.40425662602499923,0.7522496237830534,0.9206105463591413,33,15,59,0,0.12608695652173918,0.25,0,3,0,0
34,9,31,1,0.2181184002085056,1791,0.05500445318018488,0.8112786152987158,0.1887213847012842,0.7420435510887772,0.7832071576049553,0.5650887573964497,0.4314670925340131,0.4531187617087927,0.16123583428027394,34,11,31,1,0.19821428571428568,0.2222222222222222,0,2,0,0
58,6,54,1,0.21739059790427734,1879,0.057707072878597096,0.7413517828632251,0.2586482171367749,0.620010643959553,0.6762383345297918,0.4588477366255144,0.9078959491416111,0.08123214888977612,0.8947821012868156,58,6,54,0,0.16604770976705346,1.0,0,0,0,-1
30,9,50,1,0.2001589930210066,1791,0.05500445318018488,0.7660524846454495,0.23394751535455052,0.678391959798995,0.7252186588921283,0.5250596658711217,0.3246829028592488,0.4531187617087927,0.8881176868032309,30,9,49,1,0.19354151845208872,0.02,0,0,-1,0
59,6,39,1,0.21068758426277734,240,0.007370780995669666,0.8291666666666667,0.17083333333333334,0.6625,0.6984924623115578,0.4878048780487805,0.9187985626977059,0.08123214888977612,0.23841405362243173,59,6,38,1,0.19849246231155782,0.02564102564102564,0,0,-1,0
50,10,51,0,0.21026348461856806,1538,0.04723442154724978,0.8569570871261378,0.14304291287386217,0.24382314694408322,0.2738998482549317,0.06363636363636363,0.8016031448665581,0.6770369460397407,0.8885169374404963,50,10,50,0,0.1939115374367173,0.0196078431372549,0,0,-1,0
30,9,47,0,0.21284623876068004,13490,0.4142993151315992,0.6387694588584136,0.36123054114158637,0.2609340252038547,0.33782058721132646,0.12497434845064642,0.3246829028592488,0.4531187617087927,0.7847731949264457,30,9,44,0,0.19840877018265335,0.06382978723404255,0,0,-3,0
48,14,37,0,0.36050156739811906,1305,0.04007862166395381,0.7333333333333333,0.26666666666666666,0.5747126436781609,0.670846394984326,0.3103448275862069,0.7653941832253309,0.9696262399803446,0.2226282976567059,48,15,41,0,0.18410852713178294,0.17953667953667954,0,1,4,0
45,14,41,0,0.3150445788390797,459,0.014096618654218237,0.8126361655773421,0.18736383442265794,0.7211328976034859,0.7801608579088471,0.46511627906976744,0.7043395473112005,0.9696262399803446,0.7068578974847209,45,15,41,0,0.10592742844264147,0.07142857142857142,0,1,0,0
38,13,26,0,0.2355290320159141,3062,0.09403888086975216,0.6505551926845199,0.34944480731548005,0.3233180927498367,0.40562248995983935,0.17009345794392525,0.5376984736341022,0.9167101747489328,0.12201713706581493,35,13,26,0,0.19576000321979398,0.07894736842105263,-3,0,0,0
47,13,49,0,0.2485723614945679,3690,0.11332575780842112,0.6241192411924119,0.3758807588075881,0.3238482384823848,0.4172818063395571,0.16870944484498918,0.7487177912226283,0.9167101747489328,0.8015417216915942,41,13,49,0,0.1966327519379845,0.1276595744680851,-6,0,0,0
57,7,45,0,0.23179061744202586,2221,0.06821043579742637,0.6483565961278703,0.35164340387212967,0.23863124718595227,0.32013888888888886,0.088348271446863,0.8966555081232149,0.11731826418107552,0.7807499769663094,62,7,45,0,0.19605558045719407,0.08771929824561403,5,0,0,0
60,1,57,1,0.21711711711711712,289,0.008875648782285556,0.8961937716262975,0.10380622837370242,0.7612456747404844,0.7837837837837838,0.5666666666666667,0.9283805779920764,0.001566290961579804,0.9195970639722367,60,1,61,0,0.19194512174181805,1.0701754385964912,0,0,4,-1
34,9,42,1,0.3256846780162842,207,0.006357298608765087,0.9323671497584541,0.06763285024154589,0.5893719806763285,0.6113989637305699,0.2857142857142857,0.4314670925340131,0.4531187617087927,0.7135837351432696,35,9,40,1,0.19589366640875433,0.07703081232492998,1,0,-2,0
58,9,51,1,0.22155778315474128,1777,0.05457449095543749,0.7400112549240293,0.25998874507597075,0.6336522228474958,0.691254752851711,0.4696969696969697,0.9078959491416111,0.4531187617087927,0.8885169374404963,54,9,49,1,0.19631772580671297,0.10818120351588911,-4,0,-2,0
32,15,26,1,0.22006638128916178,2018,0.06197598353858911,0.8027750247770069,0.19722497522299307,0.6942517343904856,0.7376543209876543,0.5175879396984925,0.3773839869782869,0.9873161143699518,0.12201713706581493,30,15,24,1,0.19829205478925782,0.13942307692307693,-2,0,-2,0
30,6,59,1,0.20631310621429944,1980,0.06080894321427475,0.7747474747474747,0.22525252525252526,0.6777777777777778,0.7242503259452412,0.5179372197309418,0.3246829028592488,0.08123214888977612,0.9206105463591413,30,3,59,1,0.1991416861457901,0.5,0,-3,0,0
51,14,59,1,0.20882982906929237,1641,0.05039771505789134,0.7355271176112127,0.2644728823887873,0.5752589884216941,0.6304888152444076,0.4216589861751152,0.8198765394183225,0.9696262399803446,0.9206105463591413,49,14,59,1,0.1975934435548818,0.0392156862745098,-2,0,0,0
30,11,59,0,0.28496760363224705,785,0.0241085961733362,0.8394904458598726,0.16050955414012738,0.556687898089172,0.6024279210925645,0.31746031746031744,0.3246829028592488,0.7194803599398053,0.9206105463591413,30,11,59,1,0.12200956937799046,1.0,0,0,0,1
37,11,44,0,0.20423460202348048,1479,0.04542243788581432,0.7640297498309668,0.23597025016903314,0.3995943204868154,0.44778761061946903,0.24355300859598855,0.5122999907865238,0.7194803599398053,0.7247320413992199,36,11,44,0,0.17917427073797876,0.02702702702702703,-1,0,0,0
55,1,43,1,0.2514035087719298,385,0.011823961180553422,0.7402597402597403,0.2597402597402597,0.4961038961038961,0.5614035087719298,0.31,0.874420318786278,0.001566290961579804,0.7182211848530451,55,1,39,1,0.15948345439870865,0.09302325581395349,0,0,-4,0
29,15,57,0,0.2625291958625292,1879,0.057707072878597096,0.8621607237892496,0.1378392762107504,0.38850452368281,0.4246913580246914,0.16216216216216217,0.29824022603728384,0.9873161143699518,0.9195970639722367,30,15,57,1,0.19940740740740748,1.0344827586206897,1,0,0,1
59,2,54,0,0.22465841580558604,2886,0.08863364147292774,0.8433818433818434,0.15661815661815662,0.36867636867636866,0.4038619556285949,0.17920353982300885,0.9187985626977059,0.00672583765854857,0.8947821012868156,59,2,50,0,0.19986859944477572,0.07407407407407407,0,0,-4,0
47,5,60,0,0.2119687946206908,1662,0.05104265839501244,0.8477737665463297,0.15222623345367028,0.3417569193742479,0.37402413058907025,0.16205533596837945,0.7487177912226283,0.05257823776911028,0.9659101378950278,46,5,61,0,0.19859766173994964,0.03794326241134752,-1,0,1,0
46,11,59,1,0.27650502736413385,469,0.014403734529037806,0.8272921108742004,0.17270788912579957,0.8336886993603412,0.8814432989690721,0.6049382716049383,0.7269739872854027,0.7194803599398053,0.9206105463591413,46,13,60,1,0.1939802913453299,0.19876733436055471,0,2,1,0
35,5,53,0,0.27558417183448447,1936,0.05945763336506864,0.8538223140495868,0.14617768595041322,0.44731404958677684,0.48759830611010285,0.21201413427561838,0.45837044316820735,0.05257823776911028,0.8935229262000552,34,5,53,1,0.19659442724458198,1.0285714285714285,-1,0,0,1
40,11,31,1,0.22839506172839508,780,0.023955038235926415,0.8307692307692308,0.16923076923076924,0.8564102564102564,0.8950617283950617,0.6666666666666666,0.5871441294800528,0.7194803599398053,0.16123583428027394,42,11,31,1,0.19622308395598853,0.05,2,0,0,0
54,13,43,0,0.212660212094124,6427,0.19738337274653728,0.8153104092111405,0.1846895907888595,0.304807841916913,0.34408396946564884,0.13142375737152484,0.8615521636313381,0.9167101747489328,0.7182211848530451,54,13,40,0,0.16827823155459604,0.06976744186046512,0,0,-3,0
32,11,48,0,0.23746889441876998,2708,0.0831669789011394,0.8567208271787297,0.1432791728212703,0.31942392909896605,0.35344827586206895,0.11597938144329897,0.3773839869782869,0.7194803599398053,0.8006510856546175,32,8,48,0,0.06345527436732647,0.2727272727272727,0,-3,0,0
58,15,39,0,0.23526766474919897,1701,0.05224041030680876,0.7560258671369783,0.24397413286302175,0.2863021751910641,0.343701399688958,0.10843373493975904,0.9078959491416111,0.9873161143699518,0.23841405362243173,58,15,37,1,0.19998212050777753,1.0512820512820513,0,0,-2,1
33,6,52,1,0.2137279400281118,375,0.011516845305733853,0.8986666666666666,0.10133333333333333,0.7973333333333333,0.8189910979228486,0.6052631578947368,0.40425662602499923,0.08123214888977612,0.8927551365130063,34,6,52,1,0.19656019656019663,0.030303030303030304,1,0,0,0
44,12,22,0,0.3811703077114901,2595,0.07969656951567826,0.7626204238921002,0.2373795761078998,0.5552986512524085,0.6457806973218797,0.26461038961038963,0.6817972420994441,0.7522496237830534,0.092011916095943,44,13,22,1,0.1709134747109431,1.0833333333333333,0,1,0,1
50,10,36,0,0.3654171547572562,2255,0.0692546297718129,0.7379157427937916,0.2620842572062084,0.4811529933481153,0.5769230769230769,0.21150592216582065,0.8016031448665581,0.6770369460397407,0.2180522711218943,51,11,36,1,0.1863636363636364,1.12,1,1,0,1
57,14,40,0,0.24076478380251418,1919,0.058935536377875374,0.7535174570088587,0.24648254299114122,0.2871287128712871,0.34647302904564314,0.10570824524312897,0.8966555081232149,0.9696262399803446,0.7057522803353705,57,14,41,1,0.10691823899371078,1.025,0,0,1,1
39,10,53,1,0.20668845863716362,593,0.018211971376800466,0.654300168634064,0.3456998313659359,0.5986509274873525,0.6701030927835051,0.4634146341463415,0.562759129019379,0.6770369460397407,0.8935229262000552,39,10,49,1,0.1971030729833546,0.07547169811320754,0,0,-4,0
38,16,42,0,0.2732744783306581,117,0.0035932557353889625,0.7606837606837606,0.23931623931623933,0.7435897435897436,0.8089887640449438,0.5357142857142857,0.5376984736341022,1.0,0.7135837351432696,38,14,42,1,0.13741302972802028,1.125,0,-2,0,1
47,10,47,0,0.23789302420174904,974,0.02991308620742606,0.8470225872689938,0.15297741273100615,0.33572895277207393,0.37212121212121213,0.1342281879194631,0.7487177912226283,0.6770369460397407,0.7847731949264457,51,10,47,0,0.18310808349422605,0.0851063829787234,4,0,0,0
35,16,50,0,0.22887598938490544,14385,0.4417861859279506,0.6711157455683003,0.32888425443169966,0.2808481056656239,0.35612181479179617,0.12724582540689072,0.45837044316820735,1.0,0.8881176868032309,32,16,49,0,0.1970949051902835,0.10571428571428572,-3,0,-1,0
56,1,51,0,0.22000240256819203,3279,0.10070329535333682,0.6779505946935042,0.3220494053064959,0.22964318389752975,0.3004948268106163,0.08049242424242424,0.8856607598046743,0.001566290961579804,0.8885169374404963,57,1,49,0,0.19671880111647072,0.05707282913165266,1,0,-2,0
49,10,28,1,0.2129209668089102,840,0.02579773348484383,0.7845238095238095,0.2154761904761905,0.4488095238095238,0.4946889226100152,0.281767955801105,0.7831147692024201,0.6770369460397407,0.12557968121372193,46,10,28,1,0.19070364663585,0.061224489795918366,-3,0,0,0
32,15,44,0,0.26704095898347335,5751,0.17662233960873439,0.8335941575378195,0.1664058424621805,0.42323074247956877,0.46766791823112225,0.2006269592476489,0.3773839869782869,0.9873161143699518,0.7247320413992199,32,15,44,1,0.18452943523827525,1.0,0,0,0,1
55,5,53,0,0.2921072796934866,311,0.009551303706888609,0.8392282958199357,0.1607717041800643,0.40514469453376206,0.4521072796934866,0.16,0.874420318786278,0.05257823776911028,0.8935229262000552,55,5,50,1,0.17902813299232734,1.0566037735849056,0,0,-3,1
52,6,34,1,0.21320230719931643,546,0.016768526765148492,0.8296703296703297,0.17032967032967034,0.7252747252747253,0.7615894039735099,0.5483870967741935,0.8345566782346979,0.08123214888977612,0.1714627929117656,52,6,36,1,0.19065371943818277,0.058823529411764705,0,0,2,0
54,11,43,0,0.20083225322327583,655,0.0201160898006818,0.8366412213740458,0.1633587786259542,0.31755725190839695,0.35036496350364965,0.14953271028037382,0.8615521636313381,0.7194803599398053,0.7182211848530451,53,11,43,0,0.19803600654664483,0.018518518518518517,-1,0,0,0
30,9,47,0,0.21284623876068004,13490,0.4142993151315992,0.6387694588584136,0.36123054114158637,0.2609340252038547,0.33782058721132646,0.12497434845064642,0.3246829028592488,0.4531187617087927,0.7847731949264457,30,9,44,0,0.19840877018265335,0.06382978723404255,0,0,-3,0
59,4,30,1,0.21443073691546716,2223,0.06827185897239028,0.7876743139901035,0.21232568600989654,0.6540710751237067,0.6996002284408909,0.4851694915254237,0.9187985626977059,0.036792481803384416,0.16108227634286415,59,4,30,0,0.1887658825201865,1.0,0,0,0,-1
47,8,36,1,0.2141277399766276,1475,0.04529959153588649,0.7857627118644068,0.21423728813559323,0.6461016949152543,0.6919758412424504,0.4778481012658228,0.7487177912226283,0.13061638156076288,0.2180522711218943,45,8,36,1,0.19632713173634697,0.0425531914893617,-2,0,0,0
46,8,52,0,0.22248832866479923,2157,0.06624489419858112,0.8344923504867872,0.16550764951321278,0.35373203523412144,0.39055555555555554,0.16806722689075632,0.7269739872854027,0.13061638156076288,0.8927551365130063,46,8,50,0,0.19502965812064835,0.038461538461538464,0,0,-2,0
42,1,36,1,0.22833046047771488,1234,0.03789809895273487,0.8492706645056726,0.1507293354943274,0.7423014586709886,0.7767175572519084,0.5483870967741935,0.6359141304014004,0.001566290961579804,0.2180522711218943,42,1,41,1,0.18193362193362195,0.1388888888888889,0,0,5,0
56,9,46,0,0.29601231716705156,508,0.015601486440834127,0.8523622047244095,0.14763779527559054,0.4389763779527559,0.48267898383371827,0.18666666666666668,0.8856607598046743,0.4531187617087927,0.7832683271398299,56,9,46,1,0.13570180547466504,1.0,0,0,0,1
56,1,50,0,0.25594713656387663,534,0.016399987715365008,0.850187265917603,0.149812734082397,0.41760299625468167,0.45594713656387664,0.2,0.8856607598046743,0.001566290961579804,0.8881176868032309,56,1,50,1,0.12382075471698117,1.0,0,0,0,1
59,13,37,1,0.2528808208366219,216,0.0066337028961027,0.8379629629629629,0.16203703703703703,0.5833333333333334,0.6243093922651933,0.37142857142857144,0.9187985626977059,0.9167101747489328,0.2226282976567059,59,12,37,1,0.13636363636363635,0.07692307692307693,0,-1,0,0
45,10,54,1,0.2573099415204678,627,0.019256165351187002,0.8181818181818182,0.18181818181818182,0.7894736842105263,0.8362573099415205,0.5789473684210527,0.7043395473112005,0.6770369460397407,0.8947821012868156,45,13,54,1,0.1823923858966039,0.3,0,3,0,0
51,3,56,0,0.21470509516349703,2020,0.062037406713553025,0.845049504950495,0.15495049504950495,0.35396039603960394,0.3872290568248389,0.17252396166134185,0.8198765394183225,0.01695279629004023,0.9190749669850434,51,3,61,0,0.19975132910306978,0.08928571428571429,0,0,5,0
29,12,58,0,0.30580300457762943,5585,0.17152421608672952,0.7102954341987466,0.28970456580125337,0.46875559534467326,0.557348122006554,0.2515451174289246,0.29824022603728384,0.7522496237830534,0.9204569884217315,29,12,58,1,0.19275700934579443,1.0,0,0,0,1
60,6,49,1,0.2021719236166189,1553,0.047695095359479134,0.7147456535737282,0.28525434642627173,0.580167417900837,0.6378378378378379,0.435665914221219,0.9283805779920764,0.08123214888977612,0.8015417216915942,63,6,49,1,0.1979252479023646,0.05,3,0,0,0
58,16,40,1,0.22966943607354512,2012,0.06179171401369737,0.8166003976143141,0.1833996023856859,0.6645129224652088,0.7066342057212416,0.47696476964769646,0.9078959491416111,1.0,0.7057522803353705,58,16,41,1,0.17003584004024153,0.025,0,0,1,0
36,14,23,0,0.2703949307397583,557,0.017106354227450018,0.6768402154398564,0.3231597845601436,0.42190305206463197,0.5092838196286472,0.2388888888888889,0.4859494487270047,0.9696262399803446,0.09265685943306409,33,14,23,0,0.1884259259259259,0.08333333333333333,-3,0,0,0
50,10,51,1,0.3042478354978355,263,0.008077147507754677,0.8783269961977186,0.12167300380228137,0.7984790874524715,0.8354978354978355,0.53125,0.8016031448665581,0.6770369460397407,0.8885169374404963,49,10,50,1,0.1973215212651832,0.039607843137254906,-1,0,-1,0
37,16,55,1,0.2508986340762041,120,0.003685390497834833,0.8916666666666667,0.10833333333333334,0.6083333333333333,0.6355140186915887,0.38461538461538464,0.5122999907865238,1.0,0.9160959429992936,37,16,50,1,0.11332417582417587,0.09090909090909091,0,0,-5,0
39,2,55,0,0.24919364163475463,12067,0.3705967261447744,0.673904035800116,0.32609596419988396,0.2960139222673407,0.37727496310870634,0.1280813214739517,0.562759129019379,0.00672583765854857,0.9160959429992936,37,2,54,1,0.19835841313269498,1.0694638694638694,-2,0,-1,1
52,10,22,1,0.20216426193118753,333,0.010226958631491662,0.7957957957957958,0.2042042042042042,0.5285285285285285,0.569811320754717,0.36764705882352944,0.8345566782346979,0.6770369460397407,0.092011916095943,54,10,22,1,0.1949082118304752,0.038461538461538464,2,0,0,0
56,8,50,1,0.2190078217079181,1740,0.05343816221860508,0.7362068965517241,0.2637931034482759,0.6252873563218391,0.6830601092896175,0.46405228758169936,0.8856607598046743,0.13061638156076288,0.8881176868032309,54,8,49,1,0.19396139477619434,0.055714285714285716,-2,0,-1,0
59,3,53,0,0.22720845386641336,2894,0.08887933417278339,0.8424326192121631,0.1575673807878369,0.36903939184519696,0.4048400328137818,0.17763157894736842,0.9187985626977059,0.01695279629004023,0.8935229262000552,59,2,50,0,0.19986859944477572,0.38993710691823896,0,-1,-3,0
53,14,59,0,0.2272245690147277,4233,0.13000214981112374,0.6732813607370659,0.3267186392629341,0.24120009449562957,0.3154385964912281,0.08821402747650037,0.848806854826326,0.9696262399803446,0.9206105463591413,57,14,59,0,0.19791707527556582,0.07547169811320754,4,0,0,0
53,1,31,1,0.2137436086983306,1966,0.06037898098952735,0.7863682604272635,0.2136317395727365,0.6490335707019329,0.6946959896507116,0.48095238095238096,0.848806854826326,0.001566290961579804,0.16123583428027394,53,1,31,0,0.1794993081966736,1.0,0,0,0,-1
35,12,55,1,0.2092778661655259,1025,0.03147937716900587,0.7678048780487805,0.23219512195121952,0.5346341463414634,0.5832274459974587,0.3739495798319328,0.45837044316820735,0.7522496237830534,0.9160959429992936,35,12,49,1,0.18724763284888224,0.10909090909090909,0,0,-6,0
31,4,58,1,0.207819973079016,1997,0.06133104020146801,0.7736604907361042,0.22633950926389584,0.6629944917376064,0.7100323624595469,0.5022123893805309,0.35195479254322654,0.036792481803384416,0.9204569884217315,30,4,54,1,0.19567048517520214,0.10122358175750834,-1,0,-4,0
58,10,44,0,0.2257227575982209,341,0.010472651331347317,0.8328445747800587,0.16715542521994134,0.2932551319648094,0.33098591549295775,0.10526315789473684,0.9078959491416111,0.6770369460397407,0.7247320413992199,58,10,46,0,0.18933731938216242,0.045454545454545456,0,0,2,0
52,16,58,0,0.2973964063072974,357,0.010964036731058628,0.8487394957983193,0.15126050420168066,0.4005602240896359,0.44554455445544555,0.14814814814814814,0.8345566782346979,1.0,0.9204569884217315,51,16,61,0,0.19274328859060402,0.07095490716180372,-1,0,3,0
34,15,37,0,0.2563015332268218,14098,0.43297196032062896,0.7361327847921691,0.2638672152078309,0.32281174634699955,0.3904413181730584,0.13413978494623655,0.4314670925340131,0.9873161143699518,0.2226282976567059,34,15,41,1,0.17316017316017318,1.1081081081081081,0,0,4,1
49,16,51,0,0.20195195195195192,147,0.004514603359847671,0.7551020408163265,0.24489795918367346,0.6802721088435374,0.7297297297297297,0.5277777777777778,0.7831147692024201,1.0,0.8885169374404963,49,16,52,0,0.18267374517374513,0.0196078431372549,0,0,1,0
44,2,41,1,0.23346075830862845,545,0.016737815177666534,0.9045871559633027,0.09541284403669725,0.8073394495412844,0.8296146044624746,0.5961538461538461,0.6817972420994441,0.00672583765854857,0.7068578974847209,45,2,41,1,0.19920534585515615,0.022727272727272728,1,0,0,0
27,13,47,0,0.2869628211736918,4047,0.12428979453947975,0.6829750432419076,0.3170249567580924,0.4274771435631332,0.518451519536903,0.23148869836321123,0.2466447590675962,0.9167101747489328,0.7847731949264457,27,13,47,1,0.18320843499477169,1.0,0,0,0,1
55,14,32,0,0.37009863408977517,1729,0.053100334756303554,0.7270098322729902,0.27299016772700985,0.5974551764025449,0.6984884645982498,0.3283898305084746,0.874420318786278,0.9696262399803446,0.1694051165504745,55,16,32,0,0.17424678564574936,0.14285714285714285,0,2,0,0
50,12,34,1,0.251799136414521,412,0.012653174042566261,0.8203883495145631,0.1796116504854369,0.5849514563106796,0.6301775147928994,0.3783783783783784,0.8016031448665581,0.7522496237830534,0.1714627929117656,56,12,34,1,0.1649438202247191,0.12,6,0,0,0
41,12,60,1,0.22157767523621175,678,0.02082245631276681,0.8185840707964602,0.18141592920353983,0.8643067846607669,0.9045045045045045,0.6829268292682927,0.6119590921654741,0.7522496237830534,0.9659101378950278,41,13,60,1,0.1765008576329331,0.08333333333333333,0,1,0,0
60,4,56,1,0.21319433990666875,2071,0.06360369767513283,0.7532592950265572,0.24674070497344278,0.6204732013520039,0.6730769230769231,0.4598825831702544,0.9283805779920764,0.036792481803384416,0.9190749669850434,60,4,56,0,0.16750482956057755,1.0,0,0,0,-1
47,3,55,0,0.2185385096909067,2250,0.06910107183440312,0.8408888888888889,0.15911111111111112,0.3457777777777778,0.38054968287526425,0.16201117318435754,0.7487177912226283,0.01695279629004023,0.9160959429992936,44,3,55,0,0.19295281520986854,0.06382978723404255,-3,0,0,0
35,5,28,1,0.21284593837535015,1857,0.057031417953994044,0.8077544426494345,0.19224555735056542,0.7237479806138933,0.7646666666666667,0.5518207282913166,0.45837044316820735,0.05257823776911028,0.12557968121372193,37,4,29,1,0.19874560441228117,0.29285714285714287,2,-1,1,0
35,1,49,0,0.24940745528980823,3640,0.11179017843432328,0.85,0.15,0.46291208791208793,0.5003232062055591,0.2509157509157509,0.45837044316820735,0.001566290961579804,0.8015417216915942,35,1,49,1,0.1564040314867946,1.0,0,0,0,1
41,16,36,0,0.2425144747725393,194,0.0059580479714996465,0.7989690721649485,0.20103092783505155,0.7835051546391752,0.832258064516129,0.5897435897435898,0.6119590921654741,1.0,0.2180522711218943,45,16,35,0,0.1975490196078432,0.12533875338753386,4,0,-1,0
37,15,26,0,0.20330170284674376,206,0.0063265870212831305,0.7621359223300971,0.23786407766990292,0.5631067961165048,0.6114649681528662,0.40816326530612246,0.5122999907865238,0.9873161143699518,0.12201713706581493,36,15,26,0,0.19285714285714284,0.02702702702702703,-1,0,0,0
46,13,27,1,0.20599287974683544,670,0.02057676361291115,0.764179104477612,0.23582089552238805,0.8029850746268656,0.8515625,0.6455696202531646,0.7269739872854027,0.9167101747489328,0.12293848469027364,43,13,27,1,0.19391747895049438,0.06521739130434782,-3,0,0,0
34,16,42,0,0.2806440629889272,5605,0.17213844783636867,0.8281891168599465,0.17181088314005352,0.4390722569134701,0.4872899612236105,0.2066458982346833,0.4314670925340131,1.0,0.7135837351432696,34,16,42,1,0.16984271022383546,1.0,0,0,0,1
46,12,60,1,0.24544167488952767,632,0.01940972328859679,0.7737341772151899,0.22626582278481014,0.5395569620253164,0.5950920245398773,0.34965034965034963,0.7269739872854027,0.7522496237830534,0.9659101378950278,46,9,60,1,0.1769954688044615,0.25,0,-3,0,0
44,12,60,1,0.2419053964023985,569,0.017474893277233502,0.8330404217926186,0.16695957820738136,0.8646748681898067,0.9050632911392406,0.6631578947368421,0.6817972420994441,0.7522496237830534,0.9659101378950278,44,13,60,1,0.18197569037210792,0.08333333333333333,0,1,0,0
46,12,43,1,0.3071823204419889,196,0.006019471146463561,0.923469387755102,0.07653061224489796,0.6836734693877551,0.7071823204419889,0.4,0.7269739872854027,0.7522496237830534,0.7182211848530451,49,12,42,1,0.19798657718120805,0.0884732052578362,3,0,-1,0
60,2,31,0,0.2528371654403097,1412,0.043364761524523204,0.7188385269121813,0.2811614730878187,0.26487252124645894,0.3359605911330049,0.08312342569269521,0.9283805779920764,0.00672583765854857,0.16123583428027394,58,2,31,1,0.19282076158137273,1.0333333333333334,-2,0,0,1
44,12,46,1,0.23752071251035622,343,0.010534074506311232,0.793002915451895,0.20699708454810495,0.8221574344023324,0.8713235294117647,0.6338028169014085,0.6817972420994441,0.7522496237830534,0.7832683271398299,44,13,46,1,0.1705882352941177,0.08333333333333333,0,1,0,0
44,14,60,0,0.38358413132694935,1029,0.03160222351893369,0.7521865889212828,0.2478134110787172,0.6336248785228377,0.7286821705426356,0.34509803921568627,0.6817972420994441,0.9696262399803446,0.9659101378950278,44,14,60,1,0.1559488692232055,1.0,0,0,0,1
49,12,49,1,0.23128938066697402,268,0.00823070544516446,0.8992537313432836,0.10074626865671642,0.5783582089552238,0.6016597510373444,0.37037037037037035,0.7831147692024201,0.7522496237830534,0.8015417216915942,49,13,49,1,0.1942777110844338,0.08333333333333333,0,1,0,0
44,3,42,1,0.20532570422535212,760,0.023340806486287276,0.7473684210526316,0.25263157894736843,0.6065789473684211,0.6584507042253521,0.453125,0.6817972420994441,0.01695279629004023,0.7135837351432696,41,3,42,1,0.18153153153153156,0.06818181818181818,-3,0,0,0
35,5,45,0,0.2781480012558265,4845,0.1487976413500814,0.834468524251806,0.16553147574819402,0.45779153766769864,0.5038337867919861,0.2256857855361596,0.45837044316820735,0.05257823776911028,0.7807499769663094,35,5,45,1,0.18136840324763193,1.0,0,0,0,1
57,11,60,1,0.23738979959310613,1181,0.03627038481619115,0.7569856054191363,0.24301439458086369,0.4758679085520745,0.5335570469798657,0.2961672473867596,0.8966555081232149,0.7194803599398053,0.9659101378950278,57,9,60,1,0.18796720208996143,0.18181818181818182,0,-2,0,0
29,13,48,1,0.2053075129998207,1366,0.041952028500353185,0.7423133235724744,0.25768667642752563,0.5614934114202049,0.6143984220907298,0.4090909090909091,0.29824022603728384,0.9167101747489328,0.8006510856546175,29,13,47,1,0.19680403700588722,0.020833333333333332,0,0,-1,0
49,12,55,1,0.2274599542334096,495,0.015202235803568687,0.7676767676767676,0.23232323232323232,0.5050505050505051,0.5578947368421052,0.33043478260869563,0.7831147692024201,0.7522496237830534,0.9160959429992936,52,12,54,1,0.19545975216078304,0.07940630797773654,3,0,-1,0
30,15,27,0,0.2813421356236381,654,0.02008537821319984,0.8226299694189603,0.17737003058103976,0.7400611620795107,0.7899628252788105,0.5086206896551724,0.3246829028592488,0.9873161143699518,0.12293848469027364,29,16,27,0,0.1984459055588763,0.1,-1,1,0,0
41,13,37,0,0.27753072190780204,3354,0.10300666441448358,0.6836612999403697,0.3163387000596303,0.3688133571854502,0.45660706498037507,0.17907634307257306,0.6119590921654741,0.9167101747489328,0.2226282976567059,39,13,37,1,0.19606447561230889,1.048780487804878,-2,0,0,1
45,13,60,0,0.3600790513833992,274,0.008414974970056202,0.8394160583941606,0.16058394160583941,0.6204379562043796,0.6782608695652174,0.3181818181818182,0.7043395473112005,0.9167101747489328,0.9659101378950278,44,13,60,1,0.1828396322778345,1.0222222222222221,-1,0,0,1
54,11,25,0,0.22972972972972974,222,0.006817972420994441,0.6666666666666666,0.3333333333333333,0.24774774774774774,0.32432432432432434,0.0945945945945946,0.8615521636313381,0.7194803599398053,0.12109578944135622,52,11,25,0,0.1939425228015832,0.037037037037037035,-2,0,0,0
25,14,42,0,0.2326877137973889,7336,0.22530020576763612,0.8165212649945475,0.18347873500545256,0.3586423118865867,0.4013355592654424,0.1686478454680535,0.19689198734682595,0.9696262399803446,0.7135837351432696,24,14,40,0,0.19833656127037202,0.08761904761904762,-1,0,-2,0
46,16,43,0,0.31147165648513353,2402,0.07376923313166057,0.8164029975020816,0.1835970024979184,0.45836802664446297,0.5155532891381948,0.20408163265306123,0.7269739872854027,1.0,0.7182211848530451,46,16,43,1,0.1981687377370831,1.0,0,0,0,1
47,13,20,0,0.2879942995127967,5048,0.15503209360891865,0.6824484944532488,0.3175515055467512,0.39679080824088747,0.4882438316400581,0.20024953212726138,0.7487177912226283,0.9167101747489328,0.08992352814716993,47,16,20,0,0.1903814262023218,0.23076923076923078,0,3,0,0
32,4,59,1,0.21542553191489366,1946,0.05976474923988821,0.7728674203494348,0.22713257965056527,0.6664953751284687,0.7154255319148937,0.5,0.3773839869782869,0.036792481803384416,0.9206105463591413,26,4,59,1,0.19956705877973852,0.1875,-6,0,0,0
44,13,47,0,0.3620935863738902,1724,0.052946776818893766,0.734338747099768,0.265661252900232,0.5104408352668214,0.6066350710900474,0.2445414847161572,0.6817972420994441,0.9167101747489328,0.7847731949264457,44,13,47,1,0.1705882352941177,1.0,0,0,0,1
51,7,29,1,0.22903838304970447,626,0.019225453763705047,0.8258785942492013,0.17412140575079874,0.7396166134185304,0.7794970986460348,0.5504587155963303,0.8198765394183225,0.11731826418107552,0.12579466232609562,52,5,29,1,0.19982068141063958,0.3053221288515406,1,-2,0,0
41,14,41,0,0.2334093624416205,483,0.014833696753785203,0.6149068322981367,0.38509316770186336,0.34782608695652173,0.4377104377104377,0.20430107526881722,0.6119590921654741,0.9696262399803446,0.7068578974847209,41,14,39,0,-0.0016600954554887026,0.04878048780487805,0,0,-2,0
27,3,59,1,0.20172195149753497,2175,0.06679770277325635,0.7682758620689655,0.2317241379310345,0.6450574712643679,0.6918013165769,0.49007936507936506,0.2466447590675962,0.01695279629004023,0.9206105463591413,26,3,59,1,0.19879475077702313,0.037037037037037035,-1,0,0,0
57,2,36,1,0.22530576865004925,2032,0.06240594576333651,0.8085629921259843,0.19143700787401574,0.6628937007874016,0.7060255629945222,0.480719794344473,0.8966555081232149,0.00672583765854857,0.2180522711218943,57,2,41,1,0.17230436350522904,0.1388888888888889,0,0,5,0
47,16,37,1,0.20993340919518177,1534,0.047111575197321946,0.7933507170795306,0.20664928292046936,0.6271186440677966,0.6705012325390304,0.4605678233438486,0.7487177912226283,1.0,0.2226282976567059,46,16,37,1,0.19798366367738618,0.02127659574468085,-1,0,0,0
50,13,49,0,0.3550249687890138,428,0.01314455944227757,0.8317757009345794,0.16822429906542055,0.6425233644859814,0.702247191011236,0.3472222222222222,0.8016031448665581,0.9167101747489328,0.8015417216915942,50,14,51,0,0.1543389633080955,0.11773940345368916,0,1,2,0
26,15,44,0,0.38346121890425683,338,0.010380516568901446,0.7662721893491125,0.23372781065088757,0.5976331360946746,0.6872586872586872,0.3037974683544304,0.22100058352016216,0.9873161143699518,0.7247320413992199,26,15,45,1,-0.04961240310077519,1.0227272727272727,0,0,1,1
27,10,51,0,0.2481002590979415,1645,0.05052056140781917,0.8620060790273556,0.13799392097264437,0.2887537993920973,0.3229901269393512,0.07488986784140969,0.2466447590675962,0.6770369460397407,0.8885169374404963,27,9,50,0,0.19432658504061096,0.11960784313725491,0,-1,-1,0
28,10,20,1,0.2300132131111623,1636,0.05024415712048156,0.7878973105134475,0.21210268948655256,0.7720048899755502,0.8207913110938713,0.590778097982709,0.2732717054144529,0.6770369460397407,0.08992352814716993,29,11,20,1,0.18889094840902076,0.13571428571428573,1,1,0,0
49,3,35,1,0.24281874039938556,771,0.023678633948588802,0.8443579766536965,0.1556420233463035,0.7133592736705577,0.7511520737327189,0.5083333333333333,0.7831147692024201,0.01695279629004023,0.21129572187586376,52,3,36,1,0.19959165380210153,0.08979591836734693,3,0,1,0
46,12,41,0,0.2901655202979706,2330,0.07155799883295967,0.7776824034334764,0.2223175965665236,0.5055793991416309,0.5700883002207505,0.2799227799227799,0.7269739872854027,0.7522496237830534,0.7068578974847209,46,12,41,1,0.15617147080561722,1.0,0,0,0,1
48,3,54,1,0.2579365079365079,280,0.008599244494947944,0.9,0.1,0.7321428571428571,0.7579365079365079,0.5,0.7653941832253309,0.01695279629004023,0.8947821012868156,48,3,50,1,0.15326626425217982,0.07407407407407407,0,0,-4,0
54,14,31,1,0.23726154394722765,434,0.013328828967169313,0.8179723502304147,0.18202764976958524,0.6497695852534562,0.6929577464788732,0.45569620253164556,0.8615521636313381,0.9696262399803446,0.16123583428027394,56,14,31,1,0.19369747899159662,0.037037037037037035,2,0,0,0
49,16,36,1,0.2331351613685998,738,0.022665151561684225,0.8590785907859079,0.14092140921409213,0.7195121951219512,0.7523659305993691,0.5192307692307693,0.7831147692024201,1.0,0.2180522711218943,49,16,41,1,0.12546020957235904,0.1388888888888889,0,0,5,0
55,11,53,0,0.2140215592995231,1727,0.05303891158133964,0.8645049218297626,0.1354950781702374,0.2576722640416908,0.28667113194909577,0.07264957264957266,0.874420318786278,0.7194803599398053,0.8935229262000552,55,11,50,0,0.19409724360158448,0.05660377358490566,0,0,-3,0
40,9,45,1,0.20514890665332441,977,0.030005220969871932,0.7563971340839304,0.2436028659160696,0.6509723643807575,0.7009472259810555,0.4957983193277311,0.5871441294800528,0.4531187617087927,0.7807499769663094,40,9,44,1,0.18761051155417352,0.022222222222222223,0,0,-1,0
57,14,39,1,0.22921369062703195,1814,0.055710819692269896,0.8087100330760749,0.19128996692392503,0.6378169790518192,0.6816632583503749,0.45244956772334294,0.8966555081232149,0.9696262399803446,0.23841405362243173,57,14,41,1,0.17631917631917637,0.05128205128205128,0,0,2,0
59,15,42,0,0.28495065789473684,460,0.014127330241700193,0.8347826086956521,0.16521739130434782,0.3826086956521739,0.4296875,0.14473684210526316,0.9187985626977059,0.9873161143699518,0.7135837351432696,65,15,42,0,0.18112244897959184,0.1016949152542373,6,0,0,0
59,13,24,0,0.25124223602484475,127,0.003900371610208532,0.7244094488188977,0.2755905511811024,0.2677165354330709,0.33695652173913043,0.08571428571428572,0.9187985626977059,0.9167101747489328,0.10039617947851724,58,12,24,0,0.19926350245499183,0.0938722294654498,-1,-1,0,0
55,7,27,1,0.2279914710949194,2039,0.0626209268757102,0.7822461991172143,0.21775380088278568,0.6625796959293772,0.7122257053291536,0.48423423423423423,0.874420318786278,0.11731826418107552,0.12293848469027364,55,7,27,0,0.1928953433205578,1.0,0,0,0,-1
57,12,25,0,0.30824916204758723,6830,0.20976014250176592,0.6903367496339677,0.3096632503660322,0.41610541727672035,0.511558854718982,0.2033096926713948,0.8966555081232149,0.7522496237830534,0.12109578944135622,58,13,25,1,0.19953268036617366,1.1008771929824561,1,1,0,1
57,13,33,0,0.2156862745098039,201,0.006173029083873346,0.746268656716418,0.2537313432835821,0.27860696517412936,0.3333333333333333,0.11764705882352941,0.8966555081232149,0.9167101747489328,0.17060286846227082,51,13,33,0,0.18660714285714286,0.10526315789473684,-6,0,0,0
51,14,37,0,0.3566129215182217,1477,0.045361014710850404,0.7366283006093433,0.26337169939065674,0.5917400135409614,0.6856617647058824,0.32904884318766064,0.8198765394183225,0.9696262399803446,0.2226282976567059,51,16,37,0,0.18300653594771243,0.14285714285714285,0,2,0,0
55,14,56,0,0.3577100646352724,1558,0.047848653296888914,0.6951219512195121,0.3048780487804878,0.5539152759948652,0.6629732225300092,0.30526315789473685,0.874420318786278,0.9696262399803446,0.9190749669850434,55,16,56,0,0.18732289336316188,0.14285714285714285,0,2,0,0
58,1,39,0,0.24204675915494467,1745,0.05359172015601486,0.757593123209169,0.24240687679083095,0.2968481375358166,0.3555219364599092,0.11347517730496454,0.9078959491416111,0.001566290961579804,0.23841405362243173,58,1,38,1,0.19871485943775102,1.0256410256410255,0,0,-1,1
56,12,22,1,0.21668996333195228,1224,0.0375909830779153,0.7785947712418301,0.22140522875816993,0.5008169934640523,0.5487932843651626,0.33210332103321033,0.8856607598046743,0.7522496237830534,0.092011916095943,50,12,22,1,0.19415177772665698,0.10714285714285714,-6,0,0,0
37,14,51,0,0.22843394869104205,12591,0.3866895979853199,0.6675403065681836,0.33245969343181636,0.2740846636486379,0.35002974419988103,0.12159579550883899,0.5122999907865238,0.9696262399803446,0.8885169374404963,34,14,49,0,0.19847920049560053,0.12029676735559089,-3,0,-2,0
35,13,34,0,0.3616756570804385,3971,0.12195571389085101,0.7668093679174012,0.23319063208259885,0.5645933014354066,0.6489326765188834,0.28725701943844495,0.45837044316820735,0.9167101747489328,0.1714627929117656,35,16,34,0,0.19695431472081215,0.23076923076923078,0,3,0,0
54,15,25,1,0.2118221548595165,2020,0.062037406713553025,0.7792079207920792,0.2207920792079208,0.6336633663366337,0.6804320203303685,0.46860986547085204,0.8615521636313381,0.9873161143699518,0.12109578944135622,49,15,25,1,0.19992638194885382,0.09259259259259259,-5,0,0,0
37,11,36,0,0.36619270782783114,4360,0.13390252142133227,0.7605504587155963,0.23944954128440368,0.5323394495412844,0.6200241254523522,0.25383141762452105,0.5122999907865238,0.7194803599398053,0.2180522711218943,37,13,36,1,0.1766470856332607,1.1818181818181819,0,2,0,1
60,9,58,1,0.22292626728110598,276,0.008476398145020115,0.8985507246376812,0.10144927536231885,0.7717391304347826,0.7943548387096774,0.5714285714285714,0.9283805779920764,0.4531187617087927,0.9204569884217315,63,9,57,1,0.19600000000000006,0.06724137931034482,3,0,-1,0
56,15,27,0,0.29276475063982843,596,0.018304106139246337,0.7953020134228188,0.20469798657718122,0.7164429530201343,0.7763713080168776,0.48360655737704916,0.8856607598046743,0.9873161143699518,0.12293848469027364,56,16,27,0,0.190226275488256,0.06666666666666667,0,1,0,0
33,16,26,1,0.21064732324274316,2021,0.06206811830103498,0.805541810984661,0.19445818901533893,0.706580900544285,0.7475429975429976,0.5368956743002544,0.40425662602499923,1.0,0.12201713706581493,30,16,25,1,0.19913273601820647,0.12937062937062938,-3,0,-1,0
34,16,56,1,0.21009579655702482,1845,0.05666287890421056,0.7772357723577236,0.22276422764227644,0.6693766937669376,0.7161785216178521,0.5060827250608273,0.4314670925340131,1.0,0.9190749669850434,37,16,54,1,0.19835841313269498,0.12394957983193278,3,0,-2,0
49,10,26,0,0.22178083349956867,3998,0.12278492675286386,0.7051025512756378,0.2948974487243622,0.23186593296648325,0.2972685349414686,0.07548770144189991,0.7831147692024201,0.6770369460397407,0.12201713706581493,49,9,26,0,0.19773713999700576,0.1,0,-1,0,0
57,6,28,1,0.21116890227210516,346,0.010626209268757103,0.8121387283236994,0.18786127167630057,0.6791907514450867,0.7188612099644128,0.5076923076923077,0.8966555081232149,0.08123214888977612,0.12557968121372193,57,6,29,1,0.195051686154889,0.03571428571428571,0,0,1,0
57,16,28,1,0.2212783171521036,381,0.011701114830625595,0.8110236220472441,0.1889763779527559,0.6377952755905512,0.6796116504854369,0.4583333333333333,0.8966555081232149,1.0,0.12557968121372193,57,16,31,1,0.1968814968814968,0.10714285714285714,0,0,3,0
53,14,39,0,0.3551111111111111,1525,0.04683517090998434,0.7377049180327869,0.26229508196721313,0.6019672131147541,0.6951111111111111,0.34,0.848806854826326,0.9696262399803446,0.23841405362243173,53,15,41,0,0.14407530454042083,0.1227106227106227,0,1,2,0
40,11,25,0,0.2202019174624701,4823,0.14812198642547833,0.647522289031723,0.352477710968277,0.2967032967032967,0.3743195645212936,0.15411764705882353,0.5871441294800528,0.7194803599398053,0.12109578944135622,37,11,25,0,0.18817910201421525,0.075,-3,0,0,0
52,10,45,1,0.2295682997523818,850,0.026104849359663403,0.6835294117647058,0.3164705882352941,0.6364705882352941,0.7091222030981067,0.4795539033457249,0.8345566782346979,0.6770369460397407,0.7807499769663094,52,9,45,1,0.1966755487882248,0.1,0,-1,0,0
34,3,49,0,0.21053682174697697,13330,0.40938546113448604,0.6497374343585897,0.35026256564141034,0.2541635408852213,0.3279067082323057,0.11736988648532877,0.4314670925340131,0.01695279629004023,0.8015417216915942,32,3,49,0,0.19891925603920682,0.058823529411764705,-2,0,0,0
35,10,36,1,0.20738159353714553,402,0.012346058167746692,0.7338308457711443,0.26616915422885573,0.582089552238806,0.6372881355932203,0.42990654205607476,0.45837044316820735,0.6770369460397407,0.2180522711218943,35,9,36,1,0.17948143405889888,0.1,0,-1,0,0
30,13,32,1,0.2183722804190169,107,0.0032861398605693926,0.6822429906542056,0.3177570093457944,0.5607476635514018,0.6301369863013698,0.4117647058823529,0.3246829028592488,0.9167101747489328,0.1694051165504745,31,13,32,1,0.15726495726495732,0.03333333333333333,1,0,0,0
48,11,20,1,0.21810278241813513,954,0.029298854457786922,0.7578616352201258,0.24213836477987422,0.44234800838574423,0.4951590594744122,0.27705627705627706,0.7653941832253309,0.7194803599398053,0.08992352814716993,47,11,21,1,0.19596982608088287,0.07083333333333333,-1,0,1,0
45,16,51,1,0.25799086757990863,245,0.007524338933079451,0.8938775510204081,0.10612244897959183,0.7306122448979592,0.7579908675799086,0.5,0.7043395473112005,1.0,0.8885169374404963,45,16,50,1,0.12878787878787878,0.0196078431372549,0,0,-1,0
27,11,35,0,0.313452922955619,7104,0.2181751174718221,0.7250844594594594,0.2749155405405405,0.45411036036036034,0.5402834401087168,0.2268305171530978,0.2466447590675962,0.7194803599398053,0.21129572187586376,29,11,35,1,0.19060311163453791,1.074074074074074,2,0,0,1
45,7,40,1,0.22838354854136778,662,0.020331070913055495,0.743202416918429,0.256797583081571,0.6344410876132931,0.693089430894309,0.4647058823529412,0.7043395473112005,0.11731826418107552,0.7057522803353705,45,7,39,1,0.11016867469879515,0.025,0,0,-1,0
38,10,24,1,0.2306150785130474,1176,0.036116826878781365,0.8137755102040817,0.18622448979591838,0.8086734693877551,0.851619644723093,0.6210045662100456,0.5376984736341022,0.6770369460397407,0.10039617947851724,34,11,24,1,0.1972670016598076,0.20526315789473684,-4,1,0,0
43,7,48,1,0.2413588664255647,870,0.02671908110930254,0.767816091954023,0.23218390804597702,0.6655172413793103,0.7215568862275449,0.4801980198019802,0.6595620527625073,0.11731826418107552,0.8006510856546175,38,7,48,1,0.19826989619377156,0.11627906976744186,-5,0,0,0
59,13,40,0,0.23257011951225423,1326,0.04072356500107491,0.7496229260935143,0.25037707390648567,0.2616892911010558,0.3199195171026157,0.08734939759036145,0.9187985626977059,0.9167101747489328,0.7057522803353705,60,12,40,0,0.19806763285024157,0.0938722294654498,1,-1,0,0
38,8,43,0,0.3198202677939374,3998,0.12278492675286386,0.8176588294147074,0.18234117058529264,0.4782391195597799,0.5365555215662282,0.2167352537722908,0.5376984736341022,0.13061638156076288,0.7182211848530451,38,8,43,1,0.17788808505395082,1.0,0,0,0,1
25,15,44,0,0.23204549815377273,7275,0.22342679893123676,0.8235051546391753,0.17649484536082474,0.3756701030927835,0.4166249374061092,0.18457943925233644,0.19689198734682595,0.9873161143699518,0.7247320413992199,25,15,44,1,0.18165938864628828,1.0,0,0,0,1
40,5,40,1,0.2314529087389987,1309,0.040201468013881636,0.8495034377387318,0.15049656226126815,0.7448433919022154,0.7796762589928058,0.5482233502538071,0.5871441294800528,0.05257823776911028,0.7057522803353705,40,5,41,1,0.17718715393134,0.025,0,0,1,0
27,15,35,0,0.29831325301204814,108,0.00331685144805135,0.7685185185185185,0.23148148148148148,0.5092592592592593,0.5783132530120482,0.28,0.2466447590675962,0.9873161143699518,0.21129572187586376,27,14,34,0,0.150305576776165,0.09523809523809523,0,-1,-1,0
44,15,51,0,0.3308823529411765,268,0.00823070544516446,0.7611940298507462,0.23880597014925373,0.6268656716417911,0.7058823529411765,0.375,0.6817972420994441,0.9873161143699518,0.8885169374404963,43,16,52,0,0.19179487179487176,0.10900178253119429,-1,1,1,0
56,12,27,0,0.205177034098582,2121,0.06513927704923067,0.6982555398396982,0.30174446016030176,0.21357850070721357,0.275489534098582,0.0703125,0.8856607598046743,0.7522496237830534,0.12293848469027364,58,12,27,0,0.1965044515515602,0.03571428571428571,2,0,0,0
43,13,60,0,0.2943523128152715,717,0.022020208224563128,0.8633193863319386,0.13668061366806136,0.37656903765690375,0.4168012924071082,0.12244897959183673,0.6595620527625073,0.9167101747489328,0.9659101378950278,43,13,64,0,0.19914960083304406,0.06666666666666667,0,0,4,0
45,10,41,0,0.2853522987393092,1545,0.047449402659623476,0.8207119741100324,0.17928802588996764,0.3352750809061489,0.3864353312302839,0.10108303249097472,0.7043395473112005,0.6770369460397407,0.7068578974847209,43,9,40,0,0.19890838971140962,0.16883468834688348,-2,-1,-1,0
52,2,32,1,-0.22072861874147673,146,0.004483891772365713,0.4041095890410959,0.5958904109589042,0.2671232876712329,0.13559322033898305,0.3563218390804598,0.8345566782346979,0.00672583765854857,0.1694051165504745,53,2,32,1,-0.1923874128509516,0.019230769230769232,1,0,0,0
31,14,48,0,0.2654501657687526,735,0.022573016799238354,0.8272108843537415,0.1727891156462585,0.7156462585034014,0.7615131578947368,0.49606299212598426,0.35195479254322654,0.9696262399803446,0.8006510856546175,31,15,48,0,0.11348484848484841,0.07142857142857142,0,1,0,0
47,10,20,1,0.2530228359158786,1195,0.036700347040938545,0.7464435146443514,0.2535564853556485,0.700418410041841,0.7645739910313901,0.5115511551155115,0.7487177912226283,0.6770369460397407,0.08992352814716993,46,9,21,1,0.19679171403309337,0.17127659574468085,-1,-1,1,0
43,13,22,0,0.36715322408518514,2577,0.07914376094100305,0.7687233216918898,0.23127667830811022,0.5758634070624757,0.6607773851590106,0.2936241610738255,0.6595620527625073,0.9167101747489328,0.092011916095943,43,13,22,1,0.17090635010363675,1.0,0,0,0,1
49,13,43,1,0.219437981027385,188,0.005773778446607905,0.8031914893617021,0.19680851063829788,0.7978723404255319,0.8410596026490066,0.6216216216216216,0.7831147692024201,0.9167101747489328,0.7182211848530451,48,13,43,1,0.19713375796178345,0.02040816326530612,-1,0,0,0
48,13,60,0,0.27710794462712623,454,0.013943060716808451,0.8612334801762115,0.13876651982378854,0.3656387665198238,0.4040920716112532,0.12698412698412698,0.7653941832253309,0.9167101747489328,0.9659101378950278,48,13,61,0,0.15449915110356535,0.016666666666666666,0,0,1,0
34,16,51,1,0.20434318395627693,1737,0.05334602745615921,0.7691421991940126,0.23085780080598733,0.66090961427749,0.7080838323353293,0.5037406483790524,0.4314670925340131,1.0,0.8885169374404963,34,16,49,1,0.19193604718848228,0.0392156862745098,0,0,-2,0
51,10,28,1,0.2530458089668617,1330,0.04084641135100273,0.7714285714285715,0.22857142857142856,0.724812030075188,0.7826510721247564,0.5296052631578947,0.8198765394183225,0.6770369460397407,0.12557968121372193,51,9,28,0,0.18849674228591204,1.1,0,-1,0,-1
25,12,33,1,0.21000173872132388,1115,0.03424342004238199,0.8044843049327354,0.19551569506726457,0.8340807174887892,0.875139353400223,0.6651376146788991,0.19689198734682595,0.7522496237830534,0.17060286846227082,25,13,32,1,0.19825471698113206,0.11363636363636363,0,1,-1,0
60,10,48,0,0.22916666666666669,176,0.0054052393968244215,0.8181818181818182,0.18181818181818182,0.25,0.2916666666666667,0.0625,0.9283805779920764,0.6770369460397407,0.8006510856546175,59,10,48,0,0.19963369963369962,0.016666666666666666,-1,0,0,0
47,14,28,1,0.2011146795415002,1528,0.04692730567243021,0.7637434554973822,0.2362565445026178,0.5857329842931938,0.6332476435304198,0.43213296398891965,0.7487177912226283,0.9696262399803446,0.12557968121372193,46,14,28,1,0.19249492900608522,0.02127659574468085,-1,0,0,0
53,10,37,1,0.245991106319903,888,0.027271889683977764,0.8153153153153153,0.18468468468468469,0.49324324324324326,0.5386740331491713,0.2926829268292683,0.848806854826326,0.6770369460397407,0.2226282976567059,53,9,37,1,0.19419578719359903,0.1,0,-1,0,0
32,10,46,1,0.38223938223938225,280,0.008599244494947944,0.925,0.075,0.6392857142857142,0.667953667953668,0.2857142857142857,0.3773839869782869,0.6770369460397407,0.7832683271398299,32,8,46,0,0.07203020621550973,1.2,0,-2,0,-1
26,7,37,1,0.2190775681341719,124,0.003808236847762661,0.8548387096774194,0.14516129032258066,0.29838709677419356,0.330188679245283,0.1111111111111111,0.22100058352016216,0.11731826418107552,0.2226282976567059,26,7,36,1,0.17229394240317775,0.02702702702702703,0,0,-1,0
25,13,53,0,0.2909149307718116,5448,0.1673167286017014,0.6954845814977973,0.30451541850220265,0.43740822320117473,0.5259963050936922,0.23508137432188064,0.19689198734682595,0.9167101747489328,0.8935229262000552,25,13,53,1,0.17972779151026885,1.0,0,0,0,1
32,5,50,0,0.2369312920316366,4075,0.12514971898897453,0.85079754601227,0.14920245398773005,0.45815950920245396,0.49351023940005767,0.2565789473684211,0.3773839869782869,0.05257823776911028,0.8881176868032309,32,5,50,1,0.15607424071990994,1.0,0,0,0,1
27,4,20,1,0.20822334323820058,2384,0.07321642455698535,0.7906879194630873,0.20931208053691275,0.6736577181208053,0.7172413793103448,0.5090180360721442,0.2466447590675962,0.036792481803384416,0.08992352814716993,26,4,21,1,0.198369239813192,0.08703703703703704,-1,0,1,0
47,14,47,1,0.22962544701675136,674,0.02069960996283898,0.7507418397626113,0.24925816023738873,0.5771513353115727,0.6343873517786561,0.40476190476190477,0.7487177912226283,0.9696262399803446,0.7847731949264457,45,14,44,1,0.19907773386034255,0.10638297872340424,-2,0,-3,0
36,11,52,0,0.32814110538475205,4554,0.13986056939283192,0.7092665788317962,0.2907334211682038,0.4751866490996926,0.5705882352941176,0.24244712990936557,0.4859494487270047,0.7194803599398053,0.8927551365130063,37,12,52,1,0.19953703703703707,1.1186868686868687,1,1,0,1
41,12,40,1,0.2455723363868944,682,0.020945302662694634,0.8460410557184751,0.15395894428152493,0.5982404692082112,0.6360485268630849,0.3904761904761905,0.6119590921654741,0.7522496237830534,0.7057522803353705,41,14,41,1,0.18310978638847486,0.19166666666666665,0,2,1,0
60,1,60,0,0.21318533298210804,2209,0.06784189674764289,0.6749660479855139,0.3250339520144862,0.20099592575826167,0.2702883970489604,0.057103064066852366,0.9283805779920764,0.001566290961579804,0.9659101378950278,62,1,60,0,0.18844409087895747,0.03333333333333333,2,0,0,0
40,6,41,0,0.31982996373167677,3726,0.11443137495777157,0.8161567364465915,0.1838432635534085,0.4683306494900698,0.5271292338046695,0.2072992700729927,0.5871441294800528,0.08123214888977612,0.7068578974847209,40,6,41,1,0.17859123682750977,1.0,0,0,0,1
58,5,54,1,0.23623330074942972,377,0.011578268480697767,0.9045092838196287,0.09549071618037135,0.7692307692307693,0.7917888563049853,0.5555555555555556,0.9078959491416111,0.05257823776911028,0.8947821012868156,58,5,50,1,0.1686588572794645,0.07407407407407407,0,0,-4,0
44,14,57,0,0.31645310796074155,767,0.023555787598660973,0.8539765319426337,0.14602346805736635,0.4041720990873533,0.45038167938931295,0.13392857142857142,0.6817972420994441,0.9696262399803446,0.9195970639722367,41,14,57,1,0.18703007518796988,1.0681818181818181,-3,0,0,1
48,13,53,1,0.2616162960990548,663,0.020361782500537454,0.7812971342383107,0.2187028657616893,0.583710407239819,0.640926640926641,0.3793103448275862,0.7653941832253309,0.9167101747489328,0.8935229262000552,52,12,53,1,0.19545975216078304,0.16025641025641024,4,-1,0,0
52,10,54,1,0.21565909348404166,888,0.027271889683977764,0.7443693693693694,0.25563063063063063,0.4380630630630631,0.49319213313161875,0.2775330396475771,0.8345566782346979,0.6770369460397407,0.8947821012868156,52,10,49,1,0.1818967753090689,0.09259259259259259,0,0,-5,0
49,7,29,1,0.21140910332959306,1706,0.05239396824421854,0.7696365767878077,0.23036342321219228,0.6359906213364596,0.6846915460776847,0.4732824427480916,0.7831147692024201,0.11731826418107552,0.12579466232609562,46,7,29,1,0.19870009285051066,0.061224489795918366,-3,0,0,0
54,12,47,0,0.3265273474336522,779,0.023924326648444457,0.7329910141206675,0.26700898587933247,0.43645699614890887,0.5236427320490368,0.1971153846153846,0.8615521636313381,0.7522496237830534,0.7847731949264457,52,13,47,1,0.19882246376811596,1.1203703703703705,-2,1,0,1
48,15,40,0,0.2177716390423572,217,0.006664414483584656,0.8341013824884793,0.16589861751152074,0.7649769585253456,0.8011049723756906,0.5833333333333334,0.7653941832253309,0.9873161143699518,0.7057522803353705,48,15,41,0,0.08229813664596275,0.025,0,0,1,0
48,5,58,1,0.20116310354105016,1567,0.04812505758422653,0.7306955966815571,0.2693044033184429,0.587747287811104,0.6419213973799127,0.44075829383886256,0.7653941832253309,0.05257823776911028,0.9204569884217315,46,5,58,1,0.18818377602297204,0.041666666666666664,-2,0,0,0
26,9,59,1,0.20495780590717305,2060,0.0632658702128313,0.7669902912621359,0.23300970873786409,0.6655339805825242,0.7132911392405064,0.5083333333333333,0.22100058352016216,0.4531187617087927,0.9206105463591413,26,9,53,1,0.1994993742177723,0.1016949152542373,0,0,-6,0
47,15,23,0,0.27312125403411713,286,0.008783514019839685,0.8426573426573427,0.15734265734265734,0.7412587412587412,0.7842323651452282,0.5111111111111111,0.7487177912226283,0.9873161143699518,0.09265685943306409,45,16,23,0,0.19568965517241377,0.10921985815602836,-2,1,0,0
39,10,39,1,0.2095171741099422,618,0.01897976106384939,0.7491909385113269,0.25080906148867316,0.6601941747572816,0.712742980561555,0.5032258064516129,0.562759129019379,0.6770369460397407,0.23841405362243173,39,10,41,1,0.1465312877398578,0.05128205128205128,0,0,2,0
36,11,57,1,0.20930018416206259,934,0.028684622708147783,0.7751605995717344,0.22483940042826553,0.5289079229122056,0.5759668508287292,0.36666666666666664,0.4859494487270047,0.7194803599398053,0.9195970639722367,37,11,57,1,0.19983349664414696,0.027777777777777776,1,0,0,0
39,12,57,0,0.2010304340401428,3773,0.11587481956942354,0.6178107606679035,0.3821892393320965,0.2753776835409488,0.35220935220935223,0.15117891816920942,0.562759129019379,0.7522496237830534,0.9195970639722367,38,12,57,0,0.19556362355754117,0.02564102564102564,-1,0,0,0
58,8,39,1,0.23488372093023258,259,0.007954301157826848,0.8301158301158301,0.16988416988416988,0.694980694980695,0.7348837209302326,0.5,0.9078959491416111,0.13061638156076288,0.23841405362243173,58,8,41,1,0.09190938511326863,0.05128205128205128,0,0,2,0
39,11,35,1,0.2220020855057352,825,0.025337059672614477,0.8303030303030303,0.1696969696969697,0.8557575757575757,0.8934306569343066,0.6714285714285714,0.562759129019379,0.7194803599398053,0.21129572187586376,38,11,33,1,0.19857628559286022,0.08278388278388278,-1,0,-2,0
51,14,33,0,0.36581720166625825,481,0.014772273578821288,0.7713097713097713,0.2286902286902287,0.6548856548856549,0.738544474393531,0.37272727272727274,0.8198765394183225,0.9696262399803446,0.17060286846227082,51,14,33,1,0.0786278081360049,1.0,0,0,0,1
29,14,57,0,0.26897432259895016,319,0.009796996406744264,0.8338557993730408,0.16614420062695925,0.677115987460815,0.7218045112781954,0.4528301886792453,0.29824022603728384,0.9696262399803446,0.9195970639722367,29,15,58,0,0.1997150997150997,0.08897243107769423,0,1,1,0
53,15,36,0,0.25358677610786473,530,0.01627714136543718,0.8056603773584906,0.19433962264150945,0.7188679245283018,0.7681498829039812,0.5145631067961165,0.848806854826326,0.9873161143699518,0.2180522711218943,53,16,36,0,0.1738921001926782,0.06666666666666667,0,1,0,0
47,10,58,1,0.20884648162692376,787,0.024170019348300115,0.7382465057179162,0.2617534942820839,0.40660736975857686,0.4612736660929432,0.2524271844660194,0.7487177912226283,0.6770369460397407,0.9204569884217315,46,10,58,1,0.19478688406059075,0.02127659574468085,-1,0,0,0
45,14,29,0,0.23503521126760563,103,0.0031632935106415652,0.6893203883495146,0.3106796116504854,0.34951456310679613,0.4225352112676056,0.1875,0.7043395473112005,0.9696262399803446,0.12579466232609562,42,14,29,0,0.19605263157894734,0.06666666666666667,-3,0,0,0
47,6,38,1,0.21818323952470298,1501,0.04609809281041737,0.7921385742838108,0.2078614257161892,0.6375749500333111,0.6829268292682927,0.46474358974358976,0.7487177912226283,0.08123214888977612,0.23724701329811737,45,6,38,1,0.19976712029692156,0.0425531914893617,-2,0,0,0
28,16,49,0,0.27432034064854244,185,0.005681643684162034,0.7675675675675676,0.23243243243243245,0.6756756756756757,0.7394366197183099,0.46511627906976744,0.2732717054144529,1.0,0.8015417216915942,28,15,49,1,-0.05481283422459893,1.0625,0,-1,0,1
32,14,59,1,0.2180661857448732,1801,0.05531156905500445,0.7656857301499167,0.23431426985008327,0.6385341476957246,0.6896301667875272,0.471563981042654,0.3773839869782869,0.9696262399803446,0.9206105463591413,32,13,59,0,0.19798102608942814,1.0714285714285714,0,-1,0,-1
38,12,27,0,0.21359673575279148,9181,0.28196308467184666,0.6906655048469665,0.30933449515303346,0.23766474240278837,0.303737580823214,0.09014084507042254,0.5376984736341022,0.7522496237830534,0.12293848469027364,35,12,27,0,0.1969296654746639,0.07894736842105263,-3,0,0,0
36,11,45,0,0.2508068278651547,2772,0.08513252049998464,0.8391053391053391,0.1608946608946609,0.3315295815295815,0.3718830610490112,0.1210762331838565,0.4859494487270047,0.7194803599398053,0.7807499769663094,36,8,45,0,0.08897435897435897,0.2727272727272727,0,-3,0,0
43,10,42,0,0.2744931485227476,1803,0.05537299222996837,0.8191902384914033,0.1808097615085968,0.3322240709927898,0.3818551117129316,0.10736196319018405,0.6595620527625073,0.6770369460397407,0.7135837351432696,43,9,40,0,0.19890838971140962,0.14761904761904762,0,-1,-2,0
36,10,36,1,0.2065015479876161,389,0.011946807530481251,0.781491002570694,0.2185089974293059,0.3496143958868895,0.39473684210526316,0.18823529411764706,0.4859494487270047,0.6770369460397407,0.2180522711218943,35,10,36,1,0.17987987987987988,0.027777777777777776,-1,0,0,0
56,15,52,0,0.21000047686316786,3228,0.09913700439175702,0.6750309789343246,0.3249690210656753,0.22087980173482033,0.289123451124369,0.07912297426120114,0.8856607598046743,0.9873161143699518,0.8927551365130063,58,15,52,0,0.19596782496782497,0.03571428571428571,2,0,0,0
41,10,57,0,0.34686640613692277,662,0.020331070913055495,0.851963746223565,0.14803625377643503,0.5302114803625377,0.5815602836879432,0.23469387755102042,0.6119590921654741,0.6770369460397407,0.9195970639722367,41,11,57,1,0.11304347826086947,1.1,0,1,0,1
39,12,29,1,0.23296645702306074,780,0.023955038235926415,0.8153846153846154,0.18461538461538463,0.8705128205128205,0.9135220125786163,0.6805555555555556,0.562759129019379,0.7522496237830534,0.12579466232609562,39,13,29,1,0.1920645078714962,0.08333333333333333,0,1,0,0
59,2,35,1,0.23129197313719219,289,0.008875648782285556,0.8166089965397924,0.18339100346020762,0.6228373702422145,0.6652542372881356,0.4339622641509434,0.9187985626977059,0.00672583765854857,0.21129572187586376,59,2,36,1,0.1845104633781764,0.02857142857142857,0,0,1,0
54,16,28,1,0.20926640926640927,107,0.0032861398605693926,0.6542056074766355,0.34579439252336447,0.29906542056074764,0.37142857142857144,0.16216216216216217,0.8615521636313381,1.0,0.12557968121372193,55,16,28,1,0.1956521739130435,0.018518518518518517,1,0,0,0
48,14,36,0,0.3597472870521778,1311,0.04026289118884555,0.7330282227307399,0.2669717772692601,0.5751334858886347,0.6711758584807492,0.31142857142857144,0.7653941832253309,0.9696262399803446,0.2180522711218943,49,16,36,0,0.1976803684120757,0.1636904761904762,1,2,0,0
36,12,23,0,0.20423229242723012,10603,0.32563496207118947,0.687352636046402,0.31264736395359805,0.22936904649627463,0.29322173435784854,0.0889894419306184,0.4859494487270047,0.7522496237830534,0.09265685943306409,35,12,23,0,0.1952316582111997,0.027777777777777776,-1,0,0,0
58,1,45,1,0.22376191583352711,338,0.010380516568901446,0.7485207100591716,0.2514792899408284,0.47337278106508873,0.5296442687747036,0.3058823529411765,0.9078959491416111,0.001566290961579804,0.7807499769663094,58,1,39,1,0.1497326203208556,0.13333333333333333,0,0,-6,0
41,12,24,0,0.241127713861198,4325,0.1328276158594638,0.652485549132948,0.347514450867052,0.3283236994219653,0.4121190644932672,0.1709913506320692,0.6119590921654741,0.7522496237830534,0.10039617947851724,36,12,24,0,0.18988206859883663,0.12195121951219512,-5,0,0,0
58,11,29,1,0.2267329724733132,1169,0.03590184576640767,0.7921300256629598,0.20786997433704021,0.504704875962361,0.5518358531317494,0.32510288065843623,0.9078959491416111,0.7194803599398053,0.12579466232609562,58,9,29,1,0.1733117490266129,0.18181818181818182,0,-2,0,0
31,10,59,0,0.2854228451614122,1118,0.03433555480482786,0.8506261180679785,0.14937388193202147,0.5062611806797853,0.5488958990536278,0.2634730538922156,0.35195479254322654,0.6770369460397407,0.9206105463591413,31,10,59,1,0.19861830742659758,1.0,0,0,0,1
59,12,37,0,0.293724115960497,374,0.011486133718251896,0.8048128342245989,0.19518716577540107,0.5240641711229946,0.5813953488372093,0.2876712328767123,0.9187985626977059,0.7522496237830534,0.2226282976567059,59,12,37,1,0.18524332810047095,1.0,0,0,0,1
43,12,43,1,0.2348412508952017,307,0.009428457356960782,0.7687296416938111,0.23127035830618892,0.8143322475570033,0.8686440677966102,0.6338028169014085,0.6595620527625073,0.7522496237830534,0.7182211848530451,43,13,43,1,0.17053571428571435,0.08333333333333333,0,1,0,0
33,12,45,0,0.3126848568061056,3628,0.11142163938453979,0.6871554575523704,0.31284454244762955,0.44570011025358325,0.5435218612113919,0.23083700440528634,0.40425662602499923,0.7522496237830534,0.7807499769663094,33,12,39,0,0.1201788285216337,0.13333333333333333,0,0,-6,0
54,4,41,0,0.27309717913570447,1001,0.0307422990694389,0.8341658341658341,0.16583416583416583,0.4205794205794206,0.4658682634730539,0.1927710843373494,0.8615521636313381,0.036792481803384416,0.7068578974847209,54,4,41,1,0.17824310520939735,1.0,0,0,0,1
56,12,48,0,0.2634171795724113,5111,0.15696692362028195,0.6255135981216983,0.3744864018783017,0.3345724907063197,0.4332186424773225,0.1698014629049112,0.8856607598046743,0.7522496237830534,0.8006510856546175,54,10,48,0,0.19718542908170783,0.20238095238095238,-2,-2,0,0
25,4,24,1,0.20185182080343367,2420,0.0743220417063358,0.7950413223140496,0.2049586776859504,0.6665289256198347,0.7079002079002079,0.5060483870967742,0.19689198734682595,0.036792481803384416,0.10039617947851724,26,4,24,1,0.19761273790970446,0.04,1,0,0,0
25,3,37,0,0.21335598814988463,20268,0.6224624550843033,0.7246398263272154,0.2753601736727847,0.2784191829484902,0.33716892489957107,0.12381293674968644,0.19689198734682595,0.01695279629004023,0.2226282976567059,20,3,37,0,0.1991191772435259,0.2,-5,0,0,0
57,11,52,0,0.25808419768151314,182,0.0055895089217161634,0.8186813186813187,0.1813186813186813,0.3021978021978022,0.348993288590604,0.09090909090909091,0.8966555081232149,0.7194803599398053,0.8927551365130063,56,11,50,0,0.17717441325356648,0.05600539811066127,-1,0,-2,0
31,9,42,0,0.224105347525908,2331,0.07158871042044163,0.8451308451308451,0.15486915486915487,0.2531102531102531,0.2878172588832487,0.06371191135734072,0.35195479254322654,0.4531187617087927,0.7135837351432696,31,9,40,0,0.15079277417833534,0.047619047619047616,0,0,-2,0
55,9,55,1,0.23800186741363205,349,0.010718344031202974,0.9025787965616046,0.09742120343839542,0.7736389684813754,0.7968253968253968,0.5588235294117647,0.874420318786278,0.4531187617087927,0.9160959429992936,55,9,50,1,0.17981434009166475,0.09090909090909091,0,0,-5,0
48,13,54,1,0.3615331491712708,197,0.0060501827339455175,0.9187817258883249,0.08121827411167512,0.6446700507614214,0.6740331491712708,0.3125,0.7653941832253309,0.9167101747489328,0.8947821012868156,49,13,50,1,0.1942777110844338,0.0949074074074074,1,0,-4,0
35,7,50,0,0.2611363830286482,3414,0.104849359663401,0.8482718219097832,0.15172817809021674,0.48213239601640306,0.5217541436464088,0.2606177606177606,0.45837044316820735,0.11731826418107552,0.8881176868032309,35,7,50,1,0.17297063243422228,1.0,0,0,0,1
31,12,20,0,0.3218776432171177,5692,0.1748103559472989,0.7348910751932537,0.2651089248067463,0.5022839072382291,0.5876165431508487,0.26573889993373095,0.35195479254322654,0.7522496237830534,0.08992352814716993,31,12,20,1,0.18983115413487495,1.0,0,0,0,1
47,11,35,1,0.20255739610578322,852,0.026166272534627315,0.7816901408450704,0.21830985915492956,0.4647887323943662,0.509009009009009,0.3064516129032258,0.7487177912226283,0.7194803599398053,0.21129572187586376,46,11,35,1,0.19038264209852396,0.02127659574468085,-1,0,0,0
59,2,59,0,0.2152450090744102,2448,0.0751819661558306,0.6752450980392157,0.3247549019607843,0.21200980392156862,0.28191167574107684,0.06666666666666667,0.9187985626977059,0.00672583765854857,0.9206105463591413,62,2,59,0,0.18163927537968377,0.05084745762711865,3,0,0,0
40,2,37,0,0.2839970586886446,10242,0.314548078990203,0.7318883030658074,0.26811169693419257,0.34915055653192734,0.4252934898612593,0.1412964311726147,0.5871441294800528,0.00672583765854857,0.2226282976567059,40,2,41,1,0.18761756204982338,1.1081081081081081,0,0,4,1
26,14,57,1,0.206989247311828,109,0.0033475630355333068,0.8532110091743119,0.14678899082568808,0.926605504587156,0.956989247311828,0.75,0.22100058352016216,0.9696262399803446,0.9195970639722367,24,14,57,1,0.19680851063829785,0.07692307692307693,-2,0,0,0
52,9,42,1,0.24619164619164624,196,0.006019471146463561,0.9438775510204082,0.05612244897959184,0.5051020408163265,0.518918918918919,0.2727272727272727,0.8345566782346979,0.4531187617087927,0.7135837351432696,52,9,40,1,0.18474025974025976,0.047619047619047616,0,0,-2,0
57,8,38,1,0.20131578947368423,111,0.0034089862104972205,0.8558558558558559,0.14414414414414414,0.2972972972972973,0.3263157894736842,0.125,0.8966555081232149,0.13061638156076288,0.23724701329811737,56,8,38,1,0.1818840579710145,0.017543859649122806,-1,0,0,0
47,11,53,1,0.20441048187305905,848,0.026043426184699486,0.7252358490566038,0.27476415094339623,0.4186320754716981,0.47479674796747967,0.2703862660944206,0.7487177912226283,0.7194803599398053,0.8935229262000552,46,11,53,1,0.19267352958882672,0.02127659574468085,-1,0,0,0
49,13,23,0,0.3582885705759475,1453,0.044623936611283437,0.7687543014452857,0.23124569855471439,0.5671025464556091,0.6499552372426142,0.2916666666666667,0.7831147692024201,0.9167101747489328,0.09265685943306409,49,13,23,1,0.18055007237794451,1.0,0,0,0,1
33,12,50,0,0.32428545623643595,4520,0.13881637541844538,0.7143805309734513,0.28561946902654867,0.48650442477876105,0.579126664602044,0.25484120836560803,0.40425662602499923,0.7522496237830534,0.8881176868032309,33,12,50,1,0.19163484269867248,1.0,0,0,0,1
38,11,50,0,0.3044871794871795,1410,0.04330333834955929,0.8297872340425532,0.1702127659574468,0.6276595744680851,0.6794871794871795,0.375,0.5376984736341022,0.7194803599398053,0.8881176868032309,38,11,50,1,0.14583333333333337,1.0,0,0,0,1
47,7,60,0,0.21812676355119273,1622,0.04981419489573416,0.845252774352651,0.15474722564734894,0.3477188655980271,0.38147337709700946,0.16334661354581673,0.7487177912226283,0.11731826418107552,0.9659101378950278,45,7,61,0,0.19822056693565077,0.05921985815602837,-2,0,1,0
28,3,57,1,0.2031043883563451,2142,0.06578422038635177,0.7675070028011205,0.23249299719887956,0.6498599439775911,0.6970802919708029,0.4939759036144578,0.2732717054144529,0.01695279629004023,0.9195970639722367,28,3,54,1,0.19921158879693113,0.05263157894736842,0,0,-3,0
58,13,29,0,0.3223374648882665,5961,0.18307177297994534,0.704076497232008,0.29592350276799195,0.44690488173125315,0.5422921134143436,0.2199546485260771,0.9078959491416111,0.9167101747489328,0.12579466232609562,58,16,29,0,0.19696121551379453,0.23076923076923078,0,3,0,0
48,7,48,0,0.2845817473806844,1351,0.04149135468812383,0.8356772760917839,0.16432272390821615,0.4855662472242783,0.5323294951284322,0.24774774774774774,0.7653941832253309,0.11731826418107552,0.8006510856546175,48,7,48,1,0.18972225949282162,1.0,0,0,0,1
44,10,47,0,0.33844358118582557,1364,0.04189060532538927,0.8203812316715543,0.17961876832844575,0.5674486803519062,0.6282394995531725,0.2897959183673469,0.6817972420994441,0.6770369460397407,0.7847731949264457,45,10,47,1,0.19957219251336888,1.0227272727272727,1,0,0,1
36,4,26,1,0.21108122332027368,1819,0.055864377629679676,0.8081363386476086,0.1918636613523914,0.7207256734469488,0.7612244897959184,0.5501432664756447,0.4859494487270047,0.036792481803384416,0.12201713706581493,37,4,24,1,0.19712519674369633,0.1047008547008547,1,0,-2,0
31,13,26,1,0.23715922515200033,1687,0.05181044808206136,0.8097213989330172,0.1902786010669828,0.6437462951985774,0.6888726207906296,0.4517133956386293,0.35195479254322654,0.9167101747489328,0.12201713706581493,30,14,24,1,0.19783048156478555,0.18610421836228289,-1,1,-2,0
40,12,50,0,0.20515108172599392,3794,0.11651976290654464,0.6104375329467581,0.38956246705324193,0.2754348972061149,0.3553540587219344,0.15020297699594046,0.5871441294800528,0.7522496237830534,0.8881176868032309,40,12,49,0,0.1797570771573289,0.02,0,0,-1,0
42,12,58,0,0.350340900210987,2908,0.08930929639753078,0.7372764786795049,0.2627235213204952,0.5226960110041265,0.6147388059701493,0.2643979057591623,0.6359141304014004,0.7522496237830534,0.9204569884217315,42,13,58,1,0.1858826912018402,1.0833333333333333,0,1,0,1
45,4,57,1,0.21082089552238803,150,0.004606738122293542,0.8933333333333333,0.10666666666666667,0.8133333333333334,0.835820895522388,0.625,0.7043395473112005,0.036792481803384416,0.9195970639722367,47,4,57,1,0.18322981366459623,0.044444444444444446,2,0,0,0
47,9,50,0,0.29301940952426386,1355,0.041614201038051656,0.8361623616236162,0.16383763837638377,0.5062730627306273,0.5542806707855251,0.26126126126126126,0.7487177912226283,0.4531187617087927,0.8881176868032309,47,9,50,1,0.19239631336405527,1.0,0,0,0,1
36,9,22,1,0.2097204525436338,1725,0.05297748840637573,0.8046376811594202,0.19536231884057972,0.7414492753623189,0.7824207492795389,0.5727002967359051,0.4859494487270047,0.4531187617087927,0.092011916095943,30,9,22,1,0.1989460298649317,0.16666666666666666,-6,0,0,0
34,10,25,0,0.32521310311545853,8717,0.2677129080802187,0.7140071125387174,0.28599288746128254,0.4235402087874269,0.5165488431876607,0.19133574007220217,0.4314670925340131,0.6770369460397407,0.12109578944135622,34,11,25,1,0.19880619180899062,1.1,0,1,0,1
55,5,35,1,0.24784187172246874,409,0.01256103928012039,0.8190709046454768,0.18092909535452323,0.6894865525672371,0.7343283582089553,0.4864864864864865,0.874420318786278,0.05257823776911028,0.21129572187586376,56,5,36,1,0.1935423665546846,0.046753246753246755,1,0,1,0
60,3,29,1,0.21380401532998133,2263,0.06950032247166855,0.7887759611135661,0.21122403888643393,0.6539991162174105,0.6991596638655462,0.48535564853556484,0.9283805779920764,0.01695279629004023,0.12579466232609562,60,3,29,0,0.18706845312088172,1.0,0,0,0,-1
56,14,42,0,0.3317307692307693,120,0.003685390497834833,0.8666666666666667,0.13333333333333333,0.6,0.6442307692307693,0.3125,0.8856607598046743,0.9696262399803446,0.7135837351432696,55,13,42,1,0.15030946065428819,1.0892857142857142,-1,-1,0,1
52,13,56,0,0.3503171100242554,1057,0.03246214796842849,0.7644276253547777,0.23557237464522232,0.5127719962157048,0.5952970297029703,0.24497991967871485,0.8345566782346979,0.9167101747489328,0.9190749669850434,51,13,54,1,0.19146930599740775,1.054945054945055,-1,0,-2,1
52,14,33,1,0.2099767981438515,527,0.016185006602991308,0.8178368121442126,0.18216318785578747,0.6717267552182163,0.7099767981438515,0.5,0.8345566782346979,0.9696262399803446,0.17060286846227082,56,14,33,1,0.1948793906051629,0.07692307692307693,4,0,0,0
47,12,37,1,0.2805540723058077,482,0.014802985166303247,0.8360995850622407,0.16390041493775934,0.6016597510373444,0.6476426799007444,0.3670886075949367,0.7487177912226283,0.7522496237830534,0.2226282976567059,49,12,41,1,0.19798657718120805,0.15066129959746982,2,0,4,0
52,2,56,0,0.29339622641509433,378,0.011608980068179724,0.8412698412698413,0.15873015873015872,0.3968253968253968,0.44339622641509435,0.15,0.8345566782346979,0.00672583765854857,0.9190749669850434,51,2,55,1,0.18018018018018023,1.0370879120879122,-1,0,-1,1
39,9,50,1,0.2349799732977303,114,0.0035011209729430915,0.9385964912280702,0.06140350877192982,0.6491228070175439,0.6635514018691588,0.42857142857142855,0.562759129019379,0.4531187617087927,0.8881176868032309,39,8,50,0,0.09561940650023551,1.1111111111111112,0,-1,0,-1
29,7,26,0,0.2426353056596625,17945,0.5511194373637174,0.7078294789634996,0.29217052103650043,0.30849818891056,0.37938907258699417,0.13675376692733168,0.29824022603728384,0.11731826418107552,0.12201713706581493,29,8,24,1,0.1990632318501171,1.2197802197802199,0,1,-2,1
37,3,57,0,0.3024779933221115,1355,0.041614201038051656,0.862730627306273,0.13726937269372694,0.43837638376383764,0.4798973481608212,0.1774193548387097,0.5122999907865238,0.01695279629004023,0.9195970639722367,37,3,57,1,0.19255813953488365,1.0,0,0,0,1
58,8,41,1,0.2265328874024526,264,0.008107859095236633,0.7386363636363636,0.26136363636363635,0.5151515151515151,0.5743589743589743,0.34782608695652173,0.9078959491416111,0.13061638156076288,0.7068578974847209,58,8,39,1,0.1347270615563298,0.04878048780487805,0,0,-2,0
55,14,32,0,0.44186507936507935,303,0.009305611007032954,0.7920792079207921,0.2079207920792079,0.6039603960396039,0.6958333333333333,0.25396825396825395,0.874420318786278,0.9696262399803446,0.1694051165504745,53,14,32,1,0.08178053830227738,1.0363636363636364,-2,0,0,1
54,11,57,0,0.26149462868286855,7269,0.223242529406345,0.6529096161782914,0.34709038382170865,0.3542440500756638,0.4450063211125158,0.18351169242964724,0.8615521636313381,0.7194803599398053,0.9195970639722367,54,9,57,0,0.1755359727883641,0.18181818181818182,0,-2,0,0
49,13,30,0,0.3602100482543287,1409,0.04327262676207733,0.7693399574166075,0.23066004258339248,0.5755855216465579,0.6586715867158671,0.29846153846153844,0.7831147692024201,0.9167101747489328,0.16108227634286415,49,13,30,1,0.17991520932697402,1.0,0,0,0,1
37,13,40,1,0.22797619047619044,274,0.008414974970056202,0.7664233576642335,0.23357664233576642,0.7372262773722628,0.7904761904761904,0.5625,0.5122999907865238,0.9167101747489328,0.7057522803353705,37,13,41,1,0.17142857142857137,0.025,0,0,1,0
29,9,56,0,0.21376720901126406,774,0.023770768711034673,0.8785529715762274,0.12144702842377261,0.2622739018087855,0.28823529411764703,0.07446808510638298,0.29824022603728384,0.4531187617087927,0.9190749669850434,29,9,61,0,0.17222260724928962,0.08928571428571429,0,0,5,0
32,7,36,1,0.22726482556991034,1864,0.05724639906636774,0.822961373390558,0.17703862660944206,0.7355150214592274,0.7757496740547588,0.5484848484848485,0.3773839869782869,0.11731826418107552,0.2180522711218943,32,7,41,1,0.17833373349339732,0.1388888888888889,0,0,5,0
34,12,48,0,0.2424144409827098,2593,0.07963514634071435,0.8534516004627845,0.14654839953721557,0.3332047821056691,0.368730230456394,0.12631578947368421,0.4314670925340131,0.7522496237830534,0.8006510856546175,34,13,49,1,0.19110473457675758,1.1041666666666667,0,1,1,1
51,12,55,0,0.25128839414553705,346,0.010626209268757103,0.8583815028901735,0.1416184971098266,0.33815028901734107,0.37373737373737376,0.12244897959183673,0.8198765394183225,0.7522496237830534,0.9160959429992936,54,12,55,0,0.19678506611355978,0.058823529411764705,3,0,0,0
52,7,31,1,0.21953578336557056,534,0.016399987715365008,0.8239700374531835,0.1760299625468165,0.7340823970037453,0.7727272727272727,0.5531914893617021,0.8345566782346979,0.11731826418107552,0.16123583428027394,56,6,31,1,0.19510247537929204,0.21978021978021978,4,-1,0,0
46,12,53,1,0.292063492063492,156,0.004791007647185283,0.8653846153846154,0.1346153846153846,0.8717948717948718,0.9111111111111111,0.6190476190476191,0.7269739872854027,0.7522496237830534,0.8935229262000552,46,12,50,1,0.16211012706969585,0.05660377358490566,0,0,-3,0
37,3,50,0,0.24193142619105082,12876,0.3954424004176776,0.6720254737496116,0.3279745262503883,0.2909288598943771,0.3702762047844678,0.128344778593417,0.5122999907865238,0.01695279629004023,0.8881176868032309,37,3,50,1,0.19793336938937434,1.0,0,0,0,1
43,14,42,0,0.20977823053569153,7176,0.22038635177052301,0.6348940914158305,0.36510590858416947,0.23662207357859533,0.3132133450395083,0.10343511450381679,0.6595620527625073,0.9696262399803446,0.7135837351432696,43,13,42,0,0.19930421810412258,0.07142857142857142,0,-1,0,0
48,13,54,0,0.3201160541586073,267,0.008199993857682504,0.8239700374531835,0.1760299625468165,0.6254681647940075,0.6818181818181818,0.3617021276595745,0.7653941832253309,0.9167101747489328,0.8947821012868156,50,14,54,0,0.17487373737373735,0.11858974358974358,2,1,0,0
43,10,55,1,0.26759208356239694,778,0.023893615060962502,0.8251928020565553,0.17480719794344474,0.794344473007712,0.8411214953271028,0.5735294117647058,0.6595620527625073,0.6770369460397407,0.9160959429992936,43,13,55,1,0.18739294278862617,0.3,0,3,0,0
55,9,51,0,0.24077912122803247,2664,0.0818156690519333,0.835960960960961,0.16403903903903905,0.3866366366366366,0.42613381230354735,0.1853546910755149,0.874420318786278,0.4531187617087927,0.8885169374404963,55,9,50,1,0.17981434009166475,1.0196078431372548,0,0,-1,1
51,1,42,0,0.2859326596593753,1448,0.04447037867387365,0.830110497237569,0.16988950276243095,0.44060773480662985,0.4891846921797005,0.2032520325203252,0.8198765394183225,0.001566290961579804,0.7135837351432696,51,1,42,1,0.13593750000000004,1.0,0,0,0,1
55,10,39,1,0.24822700980803086,913,0.02803967937102669,0.8269441401971522,0.17305585980284777,0.5027382256297919,0.5456953642384106,0.2974683544303797,0.874420318786278,0.6770369460397407,0.23841405362243173,54,9,39,1,0.1914761345582648,0.1181818181818182,-1,-1,0,0
57,4,44,1,0.2167658966420577,332,0.010196247044009704,0.7439759036144579,0.2560240963855422,0.4789156626506024,0.5344129554655871,0.3176470588235294,0.8966555081232149,0.036792481803384416,0.7247320413992199,57,4,39,1,0.15598290598290598,0.11363636363636363,0,0,-5,0
57,11,40,0,0.332392776523702,563,0.01729062375234176,0.7868561278863233,0.21314387211367672,0.5115452930728241,0.582392776523702,0.25,0.8966555081232149,0.7194803599398053,0.7057522803353705,57,11,40,1,0.1597892888498682,1.0,0,0,0,1
55,13,46,0,0.2726831442864926,1943,0.05967261447744234,0.7992794647452394,0.2007205352547607,0.5717961914565105,0.6265292981326465,0.35384615384615387,0.874420318786278,0.9167101747489328,0.7832683271398299,55,15,46,0,0.12658662092624362,0.15384615384615385,0,2,0,0
35,1,47,0,0.20860225017017042,12536,0.3850004606738122,0.6464582003828973,0.35354179961710275,0.2526324186343331,0.32638203356367224,0.1177797833935018,0.45837044316820735,0.001566290961579804,0.7847731949264457,33,1,47,0,0.1999368416112845,0.05714285714285714,-2,0,0,0
45,10,52,0,0.25703782093846833,1403,0.04308835723718559,0.8210976478973628,0.17890235210263722,0.406272273699216,0.4522569444444444,0.1952191235059761,0.7043395473112005,0.6770369460397407,0.8927551365130063,45,9,50,0,0.1929471709645804,0.13846153846153847,0,-1,-2,0
30,2,37,0,0.23724622246311108,17097,0.5250760111790178,0.7355676434462186,0.2644323565537814,0.30987892612739076,0.3726145038167939,0.1353682813536828,0.3246829028592488,0.00672583765854857,0.2226282976567059,30,2,36,1,0.1999069059750347,1.027027027027027,0,0,-1,1
30,11,52,0,0.3021078109280976,5972,0.18340960044224686,0.6962491627595445,0.3037508372404555,0.4402210314802411,0.531986531986532,0.2298787210584344,0.3246829028592488,0.7194803599398053,0.8927551365130063,30,11,52,1,0.1863433864101186,1.0,0,0,0,1
55,12,38,0,0.20950386637046747,2023,0.062129541475998896,0.7207118141374197,0.2792881858625803,0.22886801779535343,0.28737997256515774,0.07787610619469026,0.874420318786278,0.7522496237830534,0.23724701329811737,60,12,38,0,0.19952920016927636,0.09090909090909091,5,0,0,0
58,12,39,0,0.2541062801932367,249,0.007647185283007279,0.7228915662650602,0.27710843373493976,0.285140562248996,0.35555555555555557,0.10144927536231885,0.9078959491416111,0.7522496237830534,0.23841405362243173,58,9,39,0,0.15200646377592245,0.25,0,-3,0,0
49,11,30,0,0.38188428022443943,1719,0.052793218881483986,0.7498545666084933,0.2501454333915067,0.535194880744619,0.630721489526765,0.24883720930232558,0.7831147692024201,0.7194803599398053,0.16108227634286415,48,11,31,1,0.19428929121725724,1.0537414965986394,-1,0,1,1
42,10,32,0,0.21869367511545862,6325,0.19425079082337765,0.6977075098814229,0.30229249011857706,0.23731225296442687,0.30342170858826195,0.08472803347280335,0.6359141304014004,0.6770369460397407,0.1694051165504745,42,9,32,0,0.19005528194570653,0.1,0,-1,0,0
57,11,46,0,0.25976214921286783,2428,0.07456773440619145,0.8023064250411862,0.19769357495881384,0.5292421746293245,0.5805954825462012,0.32083333333333336,0.8966555081232149,0.7194803599398053,0.7832683271398299,57,11,46,1,0.1735721570627231,1.0,0,0,0,1
29,7,57,1,0.2010502625656414,289,0.008875648782285556,0.8927335640138409,0.10726643598615918,0.7923875432525952,0.813953488372093,0.6129032258064516,0.29824022603728384,0.11731826418107552,0.9195970639722367,30,7,57,1,0.1823529411764706,0.034482758620689655,1,0,0,0
28,12,55,0,0.23041666666666666,1665,0.05113479315745831,0.8648648648648649,0.13513513513513514,0.3015015015015015,0.3326388888888889,0.10222222222222223,0.2732717054144529,0.7522496237830534,0.9160959429992936,28,12,61,0,0.19751086063167783,0.10909090909090909,0,0,6,0
32,11,31,1,0.23091715976331362,1045,0.032093608918645,0.8086124401913876,0.19138755980861244,0.5617224880382775,0.6059171597633136,0.375,0.3773839869782869,0.7194803599398053,0.16123583428027394,31,9,31,1,0.1846844694979219,0.21306818181818182,-1,-2,0,0
51,16,41,0,0.21491920697446093,4215,0.12944934123644852,0.6469750889679715,0.3530249110320285,0.22372479240806642,0.2995966263292996,0.0846774193548387,0.8198765394183225,1.0,0.7068578974847209,51,16,39,0,0.12916190405958483,0.04878048780487805,0,0,-2,0
58,13,48,0,0.20435401029083597,5003,0.1536500721722306,0.8336997801319208,0.16630021986807916,0.3194083549870078,0.3533924718292975,0.14903846153846154,0.9078959491416111,0.9167101747489328,0.8006510856546175,57,13,49,0,0.19951899910387694,0.03807471264367816,-1,0,1,0
